

--POPULANDO DADOS NA TABELA T_PACIENTE

INSERT INTO T_PACIENTE (ID_PACIENTE,NM_PACIENTE,DS_EMAIL,NR_TELEFONE,NR_CONVENIO,DS_GENERO,DS_FAIXA_ETARIA,DT_NASCIMENTO) VALUES(1,'Lucas Oliveira','Lucas.Oliveira@fiapmail.com',11736318174,59919,'M','Adulto',TO_DATE('20/03/1988','DD/MM/YYYY'));
INSERT INTO T_PACIENTE (ID_PACIENTE,NM_PACIENTE,DS_EMAIL,NR_TELEFONE,NR_CONVENIO,DS_GENERO,DS_FAIXA_ETARIA,DT_NASCIMENTO) VALUES(2,'Sophia Lima','Sophia.Lima@fiapmail.com',1183419508,50993,'F','Adolescente',TO_DATE('15/07/2004','DD/MM/YYYY'));
INSERT INTO T_PACIENTE (ID_PACIENTE,NM_PACIENTE,DS_EMAIL,NR_TELEFONE,NR_CONVENIO,DS_GENERO,DS_FAIXA_ETARIA,DT_NASCIMENTO) VALUES(3,'Mateus Pereira','Mateus.Pereira@fiapmail.com',11976511612,31267,'M','Criança',TO_DATE('10/12/2010','DD/MM/YYYY'));
INSERT INTO T_PACIENTE (ID_PACIENTE,NM_PACIENTE,DS_EMAIL,NR_TELEFONE,NR_CONVENIO,DS_GENERO,DS_FAIXA_ETARIA,DT_NASCIMENTO) VALUES(4,'Isabela Silva','Isabela.Silva@fiapmail.com',11448774057,43043,'F','Idoso',TO_DATE('05/09/1941','DD/MM/YYYY'));
INSERT INTO T_PACIENTE (ID_PACIENTE,NM_PACIENTE,DS_EMAIL,NR_TELEFONE,NR_CONVENIO,DS_GENERO,DS_FAIXA_ETARIA,DT_NASCIMENTO) VALUES(5,'Enzo Costa','Enzo.Costa@fiapmail.com',11955868614,52014,'M','Adulto',TO_DATE('21/10/1978','DD/MM/YYYY'));
INSERT INTO T_PACIENTE (ID_PACIENTE,NM_PACIENTE,DS_EMAIL,NR_TELEFONE,NR_CONVENIO,DS_GENERO,DS_FAIXA_ETARIA,DT_NASCIMENTO) VALUES(6,'Mariana Santos','Mariana.Santos@fiapmail.com',11904797992,59947,'F','Adolescente',TO_DATE('18/04/1999','DD/MM/YYYY'));
INSERT INTO T_PACIENTE (ID_PACIENTE,NM_PACIENTE,DS_EMAIL,NR_TELEFONE,NR_CONVENIO,DS_GENERO,DS_FAIXA_ETARIA,DT_NASCIMENTO) VALUES(7,'Pedro Rocha','Pedro.Rocha@fiapmail.com',11577996480,32258,'M','Criança',TO_DATE('07/08/2013','DD/MM/YYYY'));
INSERT INTO T_PACIENTE (ID_PACIENTE,NM_PACIENTE,DS_EMAIL,NR_TELEFONE,NR_CONVENIO,DS_GENERO,DS_FAIXA_ETARIA,DT_NASCIMENTO) VALUES(8,'Ana Almeida','Ana.Almeida@fiapmail.com',11478173554,48566,'F','Idoso',TO_DATE('12/01/1936','DD/MM/YYYY'));
INSERT INTO T_PACIENTE (ID_PACIENTE,NM_PACIENTE,DS_EMAIL,NR_TELEFONE,NR_CONVENIO,DS_GENERO,DS_FAIXA_ETARIA,DT_NASCIMENTO) VALUES(9,'Gabriel Lima','Gabriel.Lima@fiapmail.com',11366627670,45461,'M','Adulto',TO_DATE('25/06/1979','DD/MM/YYYY'));
INSERT INTO T_PACIENTE (ID_PACIENTE,NM_PACIENTE,DS_EMAIL,NR_TELEFONE,NR_CONVENIO,DS_GENERO,DS_FAIXA_ETARIA,DT_NASCIMENTO) VALUES(10,'Clara Oliveira','Clara.Oliveira@fiapmail.com',11959777384,69581,'F','Adolescente',TO_DATE('22/09/1997','DD/MM/YYYY'));
INSERT INTO T_PACIENTE (ID_PACIENTE,NM_PACIENTE,DS_EMAIL,NR_TELEFONE,NR_CONVENIO,DS_GENERO,DS_FAIXA_ETARIA,DT_NASCIMENTO) VALUES(11,'Eduardo Martins','Eduardo.Martins@fiapmail.com',11316009577,63685,'M','Criança',TO_DATE('15/03/2011','DD/MM/YYYY'));
INSERT INTO T_PACIENTE (ID_PACIENTE,NM_PACIENTE,DS_EMAIL,NR_TELEFONE,NR_CONVENIO,DS_GENERO,DS_FAIXA_ETARIA,DT_NASCIMENTO) VALUES(12,'Larissa Pereira','Larissa.Pereira@fiapmail.com',11983478300,44725,'F','Idoso',TO_DATE('08/06/1932','DD/MM/YYYY'));
INSERT INTO T_PACIENTE (ID_PACIENTE,NM_PACIENTE,DS_EMAIL,NR_TELEFONE,NR_CONVENIO,DS_GENERO,DS_FAIXA_ETARIA,DT_NASCIMENTO) VALUES(13,'Felipe Santos','Felipe.Santos@fiapmail.com',11602660104,56986,'M','Adulto',TO_DATE('14/12/1983','DD/MM/YYYY'));
INSERT INTO T_PACIENTE (ID_PACIENTE,NM_PACIENTE,DS_EMAIL,NR_TELEFONE,NR_CONVENIO,DS_GENERO,DS_FAIXA_ETARIA,DT_NASCIMENTO) VALUES(14,'Amanda Silva','Amanda.Silva@fiapmail.com',11532377429,66122,'F','Adolescente',TO_DATE('30/04/2000','DD/MM/YYYY'));
INSERT INTO T_PACIENTE (ID_PACIENTE,NM_PACIENTE,DS_EMAIL,NR_TELEFONE,NR_CONVENIO,DS_GENERO,DS_FAIXA_ETARIA,DT_NASCIMENTO) VALUES(15,'Gustavo Costa','Gustavo.Costa@fiapmail.com',11302224000,37409,'M','Criança',TO_DATE('05/10/2012','DD/MM/YYYY'));
INSERT INTO T_PACIENTE (ID_PACIENTE,NM_PACIENTE,DS_EMAIL,NR_TELEFONE,NR_CONVENIO,DS_GENERO,DS_FAIXA_ETARIA,DT_NASCIMENTO) VALUES(16,'Beatriz Oliveira','Beatriz.Oliveira@fiapmail.com',11936637064,57803,'F','Idoso',TO_DATE('20/07/1938','DD/MM/YYYY'));
INSERT INTO T_PACIENTE (ID_PACIENTE,NM_PACIENTE,DS_EMAIL,NR_TELEFONE,NR_CONVENIO,DS_GENERO,DS_FAIXA_ETARIA,DT_NASCIMENTO) VALUES(17,'João Almeida','João.Almeida@fiapmail.com',11604313570,67613,'M','Adulto',TO_DATE('17/05/1982','DD/MM/YYYY'));
INSERT INTO T_PACIENTE (ID_PACIENTE,NM_PACIENTE,DS_EMAIL,NR_TELEFONE,NR_CONVENIO,DS_GENERO,DS_FAIXA_ETARIA,DT_NASCIMENTO) VALUES(18,'Camila Lima','Camila.Lima@fiapmail.com',1194524268,61006,'F','Adolescente',TO_DATE('10/08/1995','DD/MM/YYYY'));
INSERT INTO T_PACIENTE (ID_PACIENTE,NM_PACIENTE,DS_EMAIL,NR_TELEFONE,NR_CONVENIO,DS_GENERO,DS_FAIXA_ETARIA,DT_NASCIMENTO) VALUES(19,'Lucas Pereira','Lucas.Pereira@fiapmail.com',11978554837,53699,'M','Criança',TO_DATE('28/11/2010','DD/MM/YYYY'));
INSERT INTO T_PACIENTE (ID_PACIENTE,NM_PACIENTE,DS_EMAIL,NR_TELEFONE,NR_CONVENIO,DS_GENERO,DS_FAIXA_ETARIA,DT_NASCIMENTO) VALUES(20,'Isadora Rocha','Isadora.Rocha@fiapmail.com',11472754748,67854,'F','Idoso',TO_DATE('03/04/1944','DD/MM/YYYY'));
INSERT INTO T_PACIENTE (ID_PACIENTE,NM_PACIENTE,DS_EMAIL,NR_TELEFONE,NR_CONVENIO,DS_GENERO,DS_FAIXA_ETARIA,DT_NASCIMENTO) VALUES(21,'Thiago Santos','Thiago.Santos@fiapmail.com',11276329172,50541,'M','Adulto',TO_DATE('19/09/1976','DD/MM/YYYY'));
INSERT INTO T_PACIENTE (ID_PACIENTE,NM_PACIENTE,DS_EMAIL,NR_TELEFONE,NR_CONVENIO,DS_GENERO,DS_FAIXA_ETARIA,DT_NASCIMENTO) VALUES(22,'Juliana Costa','Juliana.Costa@fiapmail.com',11910418056,53819,'F','Adolescente',TO_DATE('26/12/1998','DD/MM/YYYY'));
INSERT INTO T_PACIENTE (ID_PACIENTE,NM_PACIENTE,DS_EMAIL,NR_TELEFONE,NR_CONVENIO,DS_GENERO,DS_FAIXA_ETARIA,DT_NASCIMENTO) VALUES(23,'Arthur Oliveira','Arthur.Oliveira@fiapmail.com',11962883379,58257,'M','Criança',TO_DATE('14/02/2013','DD/MM/YYYY'));
INSERT INTO T_PACIENTE (ID_PACIENTE,NM_PACIENTE,DS_EMAIL,NR_TELEFONE,NR_CONVENIO,DS_GENERO,DS_FAIXA_ETARIA,DT_NASCIMENTO) VALUES(24,'Luana Silva','Luana.Silva@fiapmail.com',1157001795,69323,'F','Idoso',TO_DATE('15/10/1930','DD/MM/YYYY'));
INSERT INTO T_PACIENTE (ID_PACIENTE,NM_PACIENTE,DS_EMAIL,NR_TELEFONE,NR_CONVENIO,DS_GENERO,DS_FAIXA_ETARIA,DT_NASCIMENTO) VALUES(25,'Guilherme Almeida','Guilherme.Almeida@fiapmail.com',11752293112,40817,'M','Adulto',TO_DATE('03/07/1987','DD/MM/YYYY'));
INSERT INTO T_PACIENTE (ID_PACIENTE,NM_PACIENTE,DS_EMAIL,NR_TELEFONE,NR_CONVENIO,DS_GENERO,DS_FAIXA_ETARIA,DT_NASCIMENTO) VALUES(26,'Carolina Rocha','Carolina.Rocha@fiapmail.com',11829986677,69382,'F','Adolescente',TO_DATE('07/11/1993','DD/MM/YYYY'));
INSERT INTO T_PACIENTE (ID_PACIENTE,NM_PACIENTE,DS_EMAIL,NR_TELEFONE,NR_CONVENIO,DS_GENERO,DS_FAIXA_ETARIA,DT_NASCIMENTO) VALUES(27,'Vinícius Lima','Vinícius.Lima@fiapmail.com',11282946361,56846,'M','Criança',TO_DATE('25/06/2011','DD/MM/YYYY'));
INSERT INTO T_PACIENTE (ID_PACIENTE,NM_PACIENTE,DS_EMAIL,NR_TELEFONE,NR_CONVENIO,DS_GENERO,DS_FAIXA_ETARIA,DT_NASCIMENTO) VALUES(28,'Valentina Santos','Valentina.Santos@fiapmail.com',11947133966,60074,'F','Idoso',TO_DATE('22/01/1935','DD/MM/YYYY'));
INSERT INTO T_PACIENTE (ID_PACIENTE,NM_PACIENTE,DS_EMAIL,NR_TELEFONE,NR_CONVENIO,DS_GENERO,DS_FAIXA_ETARIA,DT_NASCIMENTO) VALUES(29,'Leonardo Costa','Leonardo.Costa@fiapmail.com',11531252909,46016,'M','Adulto',TO_DATE('09/04/1974','DD/MM/YYYY'));
INSERT INTO T_PACIENTE (ID_PACIENTE,NM_PACIENTE,DS_EMAIL,NR_TELEFONE,NR_CONVENIO,DS_GENERO,DS_FAIXA_ETARIA,DT_NASCIMENTO) VALUES(30,'Fernanda Oliveira','Fernanda.Oliveira@fiapmail.com',1187899077,43308,'F','Adolescente',TO_DATE('14/08/1996','DD/MM/YYYY'));

INSERT INTO T_PACIENTE (ID_PACIENTE,NM_PACIENTE,DS_EMAIL,NR_TELEFONE,NR_CONVENIO,DS_GENERO,DS_FAIXA_ETARIA,DT_NASCIMENTO) VALUES(31,'Daniel Martins','Daniel.Martins@fiapmail.com',11960863027,68584,'M','Criança',TO_DATE('10/01/2012','DD/MM/YYYY'));
INSERT INTO T_PACIENTE (ID_PACIENTE,NM_PACIENTE,DS_EMAIL,NR_TELEFONE,NR_CONVENIO,DS_GENERO,DS_FAIXA_ETARIA,DT_NASCIMENTO) VALUES(32,'Gabriela Almeida','Gabriela.Almeida@fiapmail.com',1185217166,48714,'F','Idoso',TO_DATE('08/05/1947','DD/MM/YYYY'));
INSERT INTO T_PACIENTE (ID_PACIENTE,NM_PACIENTE,DS_EMAIL,NR_TELEFONE,NR_CONVENIO,DS_GENERO,DS_FAIXA_ETARIA,DT_NASCIMENTO) VALUES(33,'Rafael Lima','Rafael.Lima@fiapmail.com',11849217604,58803,'M','Adulto',TO_DATE('12/09/1980','DD/MM/YYYY'));
INSERT INTO T_PACIENTE (ID_PACIENTE,NM_PACIENTE,DS_EMAIL,NR_TELEFONE,NR_CONVENIO,DS_GENERO,DS_FAIXA_ETARIA,DT_NASCIMENTO) VALUES(34,'Bianca Pereira','Bianca.Pereira@fiapmail.com',11557465435,33924,'F','Adolescente',TO_DATE('02/03/1995','DD/MM/YYYY'));
INSERT INTO T_PACIENTE (ID_PACIENTE,NM_PACIENTE,DS_EMAIL,NR_TELEFONE,NR_CONVENIO,DS_GENERO,DS_FAIXA_ETARIA,DT_NASCIMENTO) VALUES(35,'Samuel Silva','Samuel.Silva@fiapmail.com',11495892169,36236,'M','Criança',TO_DATE('18/12/2013','DD/MM/YYYY'));
INSERT INTO T_PACIENTE (ID_PACIENTE,NM_PACIENTE,DS_EMAIL,NR_TELEFONE,NR_CONVENIO,DS_GENERO,DS_FAIXA_ETARIA,DT_NASCIMENTO) VALUES(36,'Ana Costa','Ana.Costa@fiapmail.com',11728923571,67744,'F','Idoso',TO_DATE('16/07/1934','DD/MM/YYYY'));
INSERT INTO T_PACIENTE (ID_PACIENTE,NM_PACIENTE,DS_EMAIL,NR_TELEFONE,NR_CONVENIO,DS_GENERO,DS_FAIXA_ETARIA,DT_NASCIMENTO) VALUES(37,'Hugo Rocha','Hugo.Rocha@fiapmail.com',11652911522,64107,'M','Adulto',TO_DATE('21/10/1978','DD/MM/YYYY'));
INSERT INTO T_PACIENTE (ID_PACIENTE,NM_PACIENTE,DS_EMAIL,NR_TELEFONE,NR_CONVENIO,DS_GENERO,DS_FAIXA_ETARIA,DT_NASCIMENTO) VALUES(38,'Lívia Oliveira','Lívia.Oliveira@fiapmail.com',11573576687,68800,'F','Adolescente',TO_DATE('11/02/1992','DD/MM/YYYY'));
INSERT INTO T_PACIENTE (ID_PACIENTE,NM_PACIENTE,DS_EMAIL,NR_TELEFONE,NR_CONVENIO,DS_GENERO,DS_FAIXA_ETARIA,DT_NASCIMENTO) VALUES(39,'Théo Almeida','Théo.Almeida@fiapmail.com',11913672087,60495,'M','Criança',TO_DATE('09/09/2014','DD/MM/YYYY'));
INSERT INTO T_PACIENTE (ID_PACIENTE,NM_PACIENTE,DS_EMAIL,NR_TELEFONE,NR_CONVENIO,DS_GENERO,DS_FAIXA_ETARIA,DT_NASCIMENTO) VALUES(40,'Sophie Santos','Sophie.Santos@fiapmail.com',11349352853,61433,'F','Idoso',TO_DATE('28/05/1937','DD/MM/YYYY'));
INSERT INTO T_PACIENTE (ID_PACIENTE,NM_PACIENTE,DS_EMAIL,NR_TELEFONE,NR_CONVENIO,DS_GENERO,DS_FAIXA_ETARIA,DT_NASCIMENTO) VALUES(41,'Matheus Costa','Matheus.Costa@fiapmail.com',11736995934,41772,'M','Adulto',TO_DATE('14/04/1985','DD/MM/YYYY'));
INSERT INTO T_PACIENTE (ID_PACIENTE,NM_PACIENTE,DS_EMAIL,NR_TELEFONE,NR_CONVENIO,DS_GENERO,DS_FAIXA_ETARIA,DT_NASCIMENTO) VALUES(42,'Julia Lima','Julia.Lima@fiapmail.com',11696428486,44282,'F','Adolescente',TO_DATE('05/11/1999','DD/MM/YYYY'));
INSERT INTO T_PACIENTE (ID_PACIENTE,NM_PACIENTE,DS_EMAIL,NR_TELEFONE,NR_CONVENIO,DS_GENERO,DS_FAIXA_ETARIA,DT_NASCIMENTO) VALUES(43,'Enzo Pereira','Enzo.Pereira@fiapmail.com',11710790586,69334,'M','Criança',TO_DATE('20/03/2012','DD/MM/YYYY'));
INSERT INTO T_PACIENTE (ID_PACIENTE,NM_PACIENTE,DS_EMAIL,NR_TELEFONE,NR_CONVENIO,DS_GENERO,DS_FAIXA_ETARIA,DT_NASCIMENTO) VALUES(44,'Clara Rocha','Clara.Rocha@fiapmail.com',11722455283,52082,'F','Idoso',TO_DATE('19/08/1938','DD/MM/YYYY'));
INSERT INTO T_PACIENTE (ID_PACIENTE,NM_PACIENTE,DS_EMAIL,NR_TELEFONE,NR_CONVENIO,DS_GENERO,DS_FAIXA_ETARIA,DT_NASCIMENTO) VALUES(45,'Lucas Almeida','Lucas.Almeida@fiapmail.com',11900900639,42246,'M','Adulto',TO_DATE('27/01/1979','DD/MM/YYYY'));
INSERT INTO T_PACIENTE (ID_PACIENTE,NM_PACIENTE,DS_EMAIL,NR_TELEFONE,NR_CONVENIO,DS_GENERO,DS_FAIXA_ETARIA,DT_NASCIMENTO) VALUES(46,'Giovanna Oliveira','Giovanna.Oliveira@fiapmail.com',11267023581,36987,'F','Adolescente',TO_DATE('10/06/1994','DD/MM/YYYY'));
INSERT INTO T_PACIENTE (ID_PACIENTE,NM_PACIENTE,DS_EMAIL,NR_TELEFONE,NR_CONVENIO,DS_GENERO,DS_FAIXA_ETARIA,DT_NASCIMENTO) VALUES(47,'João Silva','João.Silva@fiapmail.com',11974541357,68932,'M','Criança',TO_DATE('15/09/2010','DD/MM/YYYY'));
INSERT INTO T_PACIENTE (ID_PACIENTE,NM_PACIENTE,DS_EMAIL,NR_TELEFONE,NR_CONVENIO,DS_GENERO,DS_FAIXA_ETARIA,DT_NASCIMENTO) VALUES(48,'Maria Lima','Maria.Lima@fiapmail.com',11603277478,46347,'F','Idoso',TO_DATE('14/04/1940','DD/MM/YYYY'));
INSERT INTO T_PACIENTE (ID_PACIENTE,NM_PACIENTE,DS_EMAIL,NR_TELEFONE,NR_CONVENIO,DS_GENERO,DS_FAIXA_ETARIA,DT_NASCIMENTO) VALUES(49,'Gustavo Almeida','Gustavo.Almeida@fiapmail.com',11215726827,51555,'M','Adulto',TO_DATE('03/12/1983','DD/MM/YYYY'));
INSERT INTO T_PACIENTE (ID_PACIENTE,NM_PACIENTE,DS_EMAIL,NR_TELEFONE,NR_CONVENIO,DS_GENERO,DS_FAIXA_ETARIA,DT_NASCIMENTO) VALUES(50,'Isabella Santos','Isabella.Santos@fiapmail.com',11388433207,57960,'F','Adolescente',TO_DATE('28/08/1998','DD/MM/YYYY'));
INSERT INTO T_PACIENTE (ID_PACIENTE,NM_PACIENTE,DS_EMAIL,NR_TELEFONE,NR_CONVENIO,DS_GENERO,DS_FAIXA_ETARIA,DT_NASCIMENTO) VALUES(51,'Felipe Costa','Felipe.Costa@fiapmail.com',11384968007,34826,'M','Criança',TO_DATE('12/07/2013','DD/MM/YYYY'));
INSERT INTO T_PACIENTE (ID_PACIENTE,NM_PACIENTE,DS_EMAIL,NR_TELEFONE,NR_CONVENIO,DS_GENERO,DS_FAIXA_ETARIA,DT_NASCIMENTO) VALUES(52,'Valentina Rocha','Valentina.Rocha@fiapmail.com',11989809440,34039,'F','Idoso',TO_DATE('02/02/1934','DD/MM/YYYY'));
INSERT INTO T_PACIENTE (ID_PACIENTE,NM_PACIENTE,DS_EMAIL,NR_TELEFONE,NR_CONVENIO,DS_GENERO,DS_FAIXA_ETARIA,DT_NASCIMENTO) VALUES(53,'Luiz Oliveira','Luiz.Oliveira@fiapmail.com',11754198521,47137,'M','Adulto',TO_DATE('10/11/1981','DD/MM/YYYY'));
INSERT INTO T_PACIENTE (ID_PACIENTE,NM_PACIENTE,DS_EMAIL,NR_TELEFONE,NR_CONVENIO,DS_GENERO,DS_FAIXA_ETARIA,DT_NASCIMENTO) VALUES(54,'Lara Lima','Lara.Lima@fiapmail.com',11242136210,57330,'F','Adolescente',TO_DATE('25/03/2002','DD/MM/YYYY'));
INSERT INTO T_PACIENTE (ID_PACIENTE,NM_PACIENTE,DS_EMAIL,NR_TELEFONE,NR_CONVENIO,DS_GENERO,DS_FAIXA_ETARIA,DT_NASCIMENTO) VALUES(55,'Arthur Silva','Arthur.Silva@fiapmail.com',11996431853,54866,'M','Criança',TO_DATE('30/06/2011','DD/MM/YYYY'));
INSERT INTO T_PACIENTE (ID_PACIENTE,NM_PACIENTE,DS_EMAIL,NR_TELEFONE,NR_CONVENIO,DS_GENERO,DS_FAIXA_ETARIA,DT_NASCIMENTO) VALUES(56,'Amanda Almeida','Amanda.Almeida@fiapmail.com',11541475009,53474,'F','Idoso',TO_DATE('09/09/1935','DD/MM/YYYY'));
INSERT INTO T_PACIENTE (ID_PACIENTE,NM_PACIENTE,DS_EMAIL,NR_TELEFONE,NR_CONVENIO,DS_GENERO,DS_FAIXA_ETARIA,DT_NASCIMENTO) VALUES(57,'Daniel Costa','Daniel.Costa@fiapmail.com',11739960478,63519,'M','Adulto',TO_DATE('22/12/1975','DD/MM/YYYY'));
INSERT INTO T_PACIENTE (ID_PACIENTE,NM_PACIENTE,DS_EMAIL,NR_TELEFONE,NR_CONVENIO,DS_GENERO,DS_FAIXA_ETARIA,DT_NASCIMENTO) VALUES(58,'Sophia Santos','Sophia.Santos@fiapmail.com',11414741493,35529,'F','Adolescente',TO_DATE('17/03/1999','DD/MM/YYYY'));
INSERT INTO T_PACIENTE (ID_PACIENTE,NM_PACIENTE,DS_EMAIL,NR_TELEFONE,NR_CONVENIO,DS_GENERO,DS_FAIXA_ETARIA,DT_NASCIMENTO) VALUES(59,'Matheus Lima','Matheus.Lima@fiapmail.com',11392536502,41400,'M','Criança',TO_DATE('08/08/2010','DD/MM/YYYY'));
INSERT INTO T_PACIENTE (ID_PACIENTE,NM_PACIENTE,DS_EMAIL,NR_TELEFONE,NR_CONVENIO,DS_GENERO,DS_FAIXA_ETARIA,DT_NASCIMENTO) VALUES(60,'Ana Rocha','Ana.Rocha@fiapmail.com',11229161080,68913,'F','Idoso',TO_DATE('26/05/1933','DD/MM/YYYY'));

INSERT INTO T_PACIENTE (ID_PACIENTE,NM_PACIENTE,DS_EMAIL,NR_TELEFONE,NR_CONVENIO,DS_GENERO,DS_FAIXA_ETARIA,DT_NASCIMENTO) VALUES(61,'Lucas Almeida','Lucas.Almeida@fiapmail.com',11206264387,41093,'M','Adulto',TO_DATE('13/01/1986','DD/MM/YYYY'));
INSERT INTO T_PACIENTE (ID_PACIENTE,NM_PACIENTE,DS_EMAIL,NR_TELEFONE,NR_CONVENIO,DS_GENERO,DS_FAIXA_ETARIA,DT_NASCIMENTO) VALUES(62,'Camila Oliveira','Camila.Oliveira@fiapmail.com',11993595192,68319,'F','Adolescente',TO_DATE('12/10/1997','DD/MM/YYYY'));
INSERT INTO T_PACIENTE (ID_PACIENTE,NM_PACIENTE,DS_EMAIL,NR_TELEFONE,NR_CONVENIO,DS_GENERO,DS_FAIXA_ETARIA,DT_NASCIMENTO) VALUES(63,'Rafael Silva','Rafael.Silva@fiapmail.com',11672164661,65807,'M','Criança',TO_DATE('03/04/2012','DD/MM/YYYY'));
INSERT INTO T_PACIENTE (ID_PACIENTE,NM_PACIENTE,DS_EMAIL,NR_TELEFONE,NR_CONVENIO,DS_GENERO,DS_FAIXA_ETARIA,DT_NASCIMENTO) VALUES(64,'Eduarda Costa','Eduarda.Costa@fiapmail.com',11823579479,39542,'F','Idoso',TO_DATE('30/09/1939','DD/MM/YYYY'));
INSERT INTO T_PACIENTE (ID_PACIENTE,NM_PACIENTE,DS_EMAIL,NR_TELEFONE,NR_CONVENIO,DS_GENERO,DS_FAIXA_ETARIA,DT_NASCIMENTO) VALUES(65,'Bruno Santos','Bruno.Santos@fiapmail.com',11872804991,62218,'M','Adulto',TO_DATE('25/02/1982','DD/MM/YYYY'));
INSERT INTO T_PACIENTE (ID_PACIENTE,NM_PACIENTE,DS_EMAIL,NR_TELEFONE,NR_CONVENIO,DS_GENERO,DS_FAIXA_ETARIA,DT_NASCIMENTO) VALUES(66,'Isadora Rocha','Isadora.Rocha@fiapmail.com',1168194725,67643,'F','Adolescente',TO_DATE('10/06/1995','DD/MM/YYYY'));
INSERT INTO T_PACIENTE (ID_PACIENTE,NM_PACIENTE,DS_EMAIL,NR_TELEFONE,NR_CONVENIO,DS_GENERO,DS_FAIXA_ETARIA,DT_NASCIMENTO) VALUES(67,'Enzo Lima','Enzo.Lima@fiapmail.com',11769624932,38044,'M','Criança',TO_DATE('18/12/2012','DD/MM/YYYY'));
INSERT INTO T_PACIENTE (ID_PACIENTE,NM_PACIENTE,DS_EMAIL,NR_TELEFONE,NR_CONVENIO,DS_GENERO,DS_FAIXA_ETARIA,DT_NASCIMENTO) VALUES(68,'Laura Almeida','Laura.Almeida@fiapmail.com',11749709492,40657,'F','Idoso',TO_DATE('28/03/1936','DD/MM/YYYY'));
INSERT INTO T_PACIENTE (ID_PACIENTE,NM_PACIENTE,DS_EMAIL,NR_TELEFONE,NR_CONVENIO,DS_GENERO,DS_FAIXA_ETARIA,DT_NASCIMENTO) VALUES(69,'João Costa','João.Costa@fiapmail.com',1196593675,62801,'M','Adulto',TO_DATE('14/07/1975','DD/MM/YYYY'));
INSERT INTO T_PACIENTE (ID_PACIENTE,NM_PACIENTE,DS_EMAIL,NR_TELEFONE,NR_CONVENIO,DS_GENERO,DS_FAIXA_ETARIA,DT_NASCIMENTO) VALUES(70,'Gabriela Oliveira','Gabriela.Oliveira@fiapmail.com',11820403039,37824,'F','Adolescente',TO_DATE('01/12/1998','DD/MM/YYYY'));
INSERT INTO T_PACIENTE (ID_PACIENTE,NM_PACIENTE,DS_EMAIL,NR_TELEFONE,NR_CONVENIO,DS_GENERO,DS_FAIXA_ETARIA,DT_NASCIMENTO) VALUES(71,'Luiz Santos','Luiz.Santos@fiapmail.com',11585873009,67365,'M','Criança',TO_DATE('09/05/2012','DD/MM/YYYY'));
INSERT INTO T_PACIENTE (ID_PACIENTE,NM_PACIENTE,DS_EMAIL,NR_TELEFONE,NR_CONVENIO,DS_GENERO,DS_FAIXA_ETARIA,DT_NASCIMENTO) VALUES(72,'Maria Rocha','Maria.Rocha@fiapmail.com',11774133738,51770,'F','Idoso',TO_DATE('22/11/1932','DD/MM/YYYY'));
INSERT INTO T_PACIENTE (ID_PACIENTE,NM_PACIENTE,DS_EMAIL,NR_TELEFONE,NR_CONVENIO,DS_GENERO,DS_FAIXA_ETARIA,DT_NASCIMENTO) VALUES(73,'Felipe Almeida','Felipe.Almeida@fiapmail.com',11371216274,32670,'M','Adulto',TO_DATE('05/08/1980','DD/MM/YYYY'));
INSERT INTO T_PACIENTE (ID_PACIENTE,NM_PACIENTE,DS_EMAIL,NR_TELEFONE,NR_CONVENIO,DS_GENERO,DS_FAIXA_ETARIA,DT_NASCIMENTO) VALUES(74,'Laura Santos','Laura.Santos@fiapmail.com',11845883547,31755,'F','Adolescente',TO_DATE('23/09/2001','DD/MM/YYYY'));
INSERT INTO T_PACIENTE (ID_PACIENTE,NM_PACIENTE,DS_EMAIL,NR_TELEFONE,NR_CONVENIO,DS_GENERO,DS_FAIXA_ETARIA,DT_NASCIMENTO) VALUES(75,'Luiz Costa','Luiz.Costa@fiapmail.com',11968317056,52948,'M','Criança',TO_DATE('12/04/2012','DD/MM/YYYY'));
INSERT INTO T_PACIENTE (ID_PACIENTE,NM_PACIENTE,DS_EMAIL,NR_TELEFONE,NR_CONVENIO,DS_GENERO,DS_FAIXA_ETARIA,DT_NASCIMENTO) VALUES(76,'Mariana Lima','Mariana.Lima@fiapmail.com',11884934424,51822,'F','Idoso',TO_DATE('30/08/1935','DD/MM/YYYY'));
INSERT INTO T_PACIENTE (ID_PACIENTE,NM_PACIENTE,DS_EMAIL,NR_TELEFONE,NR_CONVENIO,DS_GENERO,DS_FAIXA_ETARIA,DT_NASCIMENTO) VALUES(77,'Gustavo Almeida','Gustavo.Almeida@fiapmail.com',11360610537,61375,'M','Adulto',TO_DATE('07/03/1983','DD/MM/YYYY'));
INSERT INTO T_PACIENTE (ID_PACIENTE,NM_PACIENTE,DS_EMAIL,NR_TELEFONE,NR_CONVENIO,DS_GENERO,DS_FAIXA_ETARIA,DT_NASCIMENTO) VALUES(78,'Alice Oliveira','Alice.Oliveira@fiapmail.com',1139115574,69078,'F','Adolescente',TO_DATE('14/06/1996','DD/MM/YYYY'));
INSERT INTO T_PACIENTE (ID_PACIENTE,NM_PACIENTE,DS_EMAIL,NR_TELEFONE,NR_CONVENIO,DS_GENERO,DS_FAIXA_ETARIA,DT_NASCIMENTO) VALUES(79,'Matheus Silva','Matheus.Silva@fiapmail.com',11797684969,67493,'M','Criança',TO_DATE('01/10/2011','DD/MM/YYYY'));
INSERT INTO T_PACIENTE (ID_PACIENTE,NM_PACIENTE,DS_EMAIL,NR_TELEFONE,NR_CONVENIO,DS_GENERO,DS_FAIXA_ETARIA,DT_NASCIMENTO) VALUES(80,'Isadora Lima','Isadora.Lima@fiapmail.com',11912741734,56999,'F','Idoso',TO_DATE('05/05/1946','DD/MM/YYYY'));
INSERT INTO T_PACIENTE (ID_PACIENTE,NM_PACIENTE,DS_EMAIL,NR_TELEFONE,NR_CONVENIO,DS_GENERO,DS_FAIXA_ETARIA,DT_NASCIMENTO) VALUES(81,'Daniel Rocha','Daniel.Rocha@fiapmail.com',11596325176,65942,'M','Adulto',TO_DATE('18/12/1977','DD/MM/YYYY'));
INSERT INTO T_PACIENTE (ID_PACIENTE,NM_PACIENTE,DS_EMAIL,NR_TELEFONE,NR_CONVENIO,DS_GENERO,DS_FAIXA_ETARIA,DT_NASCIMENTO) VALUES(82,'Sophia Almeida','Sophia.Almeida@fiapmail.com',11868128667,55477,'F','Adolescente',TO_DATE('09/11/1993','DD/MM/YYYY'));
INSERT INTO T_PACIENTE (ID_PACIENTE,NM_PACIENTE,DS_EMAIL,NR_TELEFONE,NR_CONVENIO,DS_GENERO,DS_FAIXA_ETARIA,DT_NASCIMENTO) VALUES(83,'João Oliveira','João.Oliveira@fiapmail.com',11465745118,65113,'M','Criança',TO_DATE('16/07/2014','DD/MM/YYYY'));
INSERT INTO T_PACIENTE (ID_PACIENTE,NM_PACIENTE,DS_EMAIL,NR_TELEFONE,NR_CONVENIO,DS_GENERO,DS_FAIXA_ETARIA,DT_NASCIMENTO) VALUES(84,'Clara Costa','Clara.Costa@fiapmail.com',11351680485,69258,'F','Idoso',TO_DATE('20/02/1933','DD/MM/YYYY'));
INSERT INTO T_PACIENTE (ID_PACIENTE,NM_PACIENTE,DS_EMAIL,NR_TELEFONE,NR_CONVENIO,DS_GENERO,DS_FAIXA_ETARIA,DT_NASCIMENTO) VALUES(85,'Enzo Rocha','Enzo.Rocha@fiapmail.com',11367651380,56354,'M','Adulto',TO_DATE('26/05/1988','DD/MM/YYYY'));
INSERT INTO T_PACIENTE (ID_PACIENTE,NM_PACIENTE,DS_EMAIL,NR_TELEFONE,NR_CONVENIO,DS_GENERO,DS_FAIXA_ETARIA,DT_NASCIMENTO) VALUES(86,'Bianca Lima','Bianca.Lima@fiapmail.com',11665044742,52077,'F','Adolescente',TO_DATE('03/03/2000','DD/MM/YYYY'));
INSERT INTO T_PACIENTE (ID_PACIENTE,NM_PACIENTE,DS_EMAIL,NR_TELEFONE,NR_CONVENIO,DS_GENERO,DS_FAIXA_ETARIA,DT_NASCIMENTO) VALUES(87,'Arthur Santos','Arthur.Santos@fiapmail.com',11960580592,58401,'M','Criança',TO_DATE('22/09/2012','DD/MM/YYYY'));
INSERT INTO T_PACIENTE (ID_PACIENTE,NM_PACIENTE,DS_EMAIL,NR_TELEFONE,NR_CONVENIO,DS_GENERO,DS_FAIXA_ETARIA,DT_NASCIMENTO) VALUES(88,'Valentina Almeida','Valentina.Almeida@fiapmail.com',11939068179,42700,'F','Idoso',TO_DATE('12/04/1939','DD/MM/YYYY'));
INSERT INTO T_PACIENTE (ID_PACIENTE,NM_PACIENTE,DS_EMAIL,NR_TELEFONE,NR_CONVENIO,DS_GENERO,DS_FAIXA_ETARIA,DT_NASCIMENTO) VALUES(89,'Lucas Lima','Lucas.Lima@fiapmail.com',11960002196,54156,'M','Adulto',TO_DATE('09/08/1976','DD/MM/YYYY'));
INSERT INTO T_PACIENTE (ID_PACIENTE,NM_PACIENTE,DS_EMAIL,NR_TELEFONE,NR_CONVENIO,DS_GENERO,DS_FAIXA_ETARIA,DT_NASCIMENTO) VALUES(90,'Mariana Almeida','Mariana.Almeida@fiapmail.com',11371099209,66162,'F','Adolescente',TO_DATE('06/11/1991','DD/MM/YYYY'));

INSERT INTO T_PACIENTE (ID_PACIENTE,NM_PACIENTE,DS_EMAIL,NR_TELEFONE,NR_CONVENIO,DS_GENERO,DS_FAIXA_ETARIA,DT_NASCIMENTO) VALUES(91,'Pedro Costa','Pedro.Costa@fiapmail.com',1152873434,57736,'M','Criança',TO_DATE('14/01/2013','DD/MM/YYYY'));
INSERT INTO T_PACIENTE (ID_PACIENTE,NM_PACIENTE,DS_EMAIL,NR_TELEFONE,NR_CONVENIO,DS_GENERO,DS_FAIXA_ETARIA,DT_NASCIMENTO) VALUES(92,'Ana Lima','Ana.Lima@fiapmail.com',11733508795,60755,'F','Idoso',TO_DATE('07/06/1931','DD/MM/YYYY'));
INSERT INTO T_PACIENTE (ID_PACIENTE,NM_PACIENTE,DS_EMAIL,NR_TELEFONE,NR_CONVENIO,DS_GENERO,DS_FAIXA_ETARIA,DT_NASCIMENTO) VALUES(93,'Gabriel Almeida','Gabriel.Almeida@fiapmail.com',11372492498,34601,'M','Adulto',TO_DATE('23/09/1984','DD/MM/YYYY'));
INSERT INTO T_PACIENTE (ID_PACIENTE,NM_PACIENTE,DS_EMAIL,NR_TELEFONE,NR_CONVENIO,DS_GENERO,DS_FAIXA_ETARIA,DT_NASCIMENTO) VALUES(94,'Larissa Oliveira','Larissa.Oliveira@fiapmail.com',11218687468,50952,'F','Adolescente',TO_DATE('18/02/1997','DD/MM/YYYY'));
INSERT INTO T_PACIENTE (ID_PACIENTE,NM_PACIENTE,DS_EMAIL,NR_TELEFONE,NR_CONVENIO,DS_GENERO,DS_FAIXA_ETARIA,DT_NASCIMENTO) VALUES(95,'Henrique Costa','Henrique.Costa@fiapmail.com',11517488746,69790,'M','Criança',TO_DATE('15/05/2011','DD/MM/YYYY'));
INSERT INTO T_PACIENTE (ID_PACIENTE,NM_PACIENTE,DS_EMAIL,NR_TELEFONE,NR_CONVENIO,DS_GENERO,DS_FAIXA_ETARIA,DT_NASCIMENTO) VALUES(96,'Beatriz Rocha','Beatriz.Rocha@fiapmail.com',11340465043,36715,'F','Idoso',TO_DATE('11/10/1937','DD/MM/YYYY'));
INSERT INTO T_PACIENTE (ID_PACIENTE,NM_PACIENTE,DS_EMAIL,NR_TELEFONE,NR_CONVENIO,DS_GENERO,DS_FAIXA_ETARIA,DT_NASCIMENTO) VALUES(97,'Felipe Oliveira','Felipe.Oliveira@fiapmail.com',11831080266,69796,'M','Adulto',TO_DATE('26/04/1980','DD/MM/YYYY'));
INSERT INTO T_PACIENTE (ID_PACIENTE,NM_PACIENTE,DS_EMAIL,NR_TELEFONE,NR_CONVENIO,DS_GENERO,DS_FAIXA_ETARIA,DT_NASCIMENTO) VALUES(98,'Luiza Costa','Luiza.Costa@fiapmail.com',11854852073,49106,'F','Adolescente',TO_DATE('29/07/1995','DD/MM/YYYY'));
INSERT INTO T_PACIENTE (ID_PACIENTE,NM_PACIENTE,DS_EMAIL,NR_TELEFONE,NR_CONVENIO,DS_GENERO,DS_FAIXA_ETARIA,DT_NASCIMENTO) VALUES(99,'João Lima','João.Lima@fiapmail.com',11600364250,52236,'M','Criança',TO_DATE('07/12/2012','DD/MM/YYYY'));
INSERT INTO T_PACIENTE (ID_PACIENTE,NM_PACIENTE,DS_EMAIL,NR_TELEFONE,NR_CONVENIO,DS_GENERO,DS_FAIXA_ETARIA,DT_NASCIMENTO) VALUES(100,'Isabella Almeida','Isabella.Almeida@fiapmail.com',11506580997,62669,'F','Idoso',TO_DATE('14/03/1934','DD/MM/YYYY'));
INSERT INTO T_PACIENTE (ID_PACIENTE,NM_PACIENTE,DS_EMAIL,NR_TELEFONE,NR_CONVENIO,DS_GENERO,DS_FAIXA_ETARIA,DT_NASCIMENTO) VALUES(101,'Gustavo Lima','Gustavo.Lima@fiapmail.com',11619078025,54722,'M','Adulto',TO_DATE('18/01/1973','DD/MM/YYYY'));
INSERT INTO T_PACIENTE (ID_PACIENTE,NM_PACIENTE,DS_EMAIL,NR_TELEFONE,NR_CONVENIO,DS_GENERO,DS_FAIXA_ETARIA,DT_NASCIMENTO) VALUES(102,'Lívia Rocha','Lívia.Rocha@fiapmail.com',11774201641,30692,'F','Adolescente',TO_DATE('27/06/1999','DD/MM/YYYY'));
INSERT INTO T_PACIENTE (ID_PACIENTE,NM_PACIENTE,DS_EMAIL,NR_TELEFONE,NR_CONVENIO,DS_GENERO,DS_FAIXA_ETARIA,DT_NASCIMENTO) VALUES(103,'Matheus Almeida','Matheus.Almeida@fiapmail.com',11315710882,64245,'M','Criança',TO_DATE('02/08/2010','DD/MM/YYYY'));
INSERT INTO T_PACIENTE (ID_PACIENTE,NM_PACIENTE,DS_EMAIL,NR_TELEFONE,NR_CONVENIO,DS_GENERO,DS_FAIXA_ETARIA,DT_NASCIMENTO) VALUES(104,'Ana Santos','Ana.Santos@fiapmail.com',11305638303,55928,'F','Idoso',TO_DATE('29/11/1930','DD/MM/YYYY'));
INSERT INTO T_PACIENTE (ID_PACIENTE,NM_PACIENTE,DS_EMAIL,NR_TELEFONE,NR_CONVENIO,DS_GENERO,DS_FAIXA_ETARIA,DT_NASCIMENTO) VALUES(105,'Henrique Lima','Henrique.Lima@fiapmail.com',11773907425,37791,'M','Adulto',TO_DATE('03/05/1987','DD/MM/YYYY'));
INSERT INTO T_PACIENTE (ID_PACIENTE,NM_PACIENTE,DS_EMAIL,NR_TELEFONE,NR_CONVENIO,DS_GENERO,DS_FAIXA_ETARIA,DT_NASCIMENTO) VALUES(106,'Lara Rocha','Lara.Rocha@fiapmail.com',11859429928,50619,'F','Adolescente',TO_DATE('22/12/1994','DD/MM/YYYY'));
INSERT INTO T_PACIENTE (ID_PACIENTE,NM_PACIENTE,DS_EMAIL,NR_TELEFONE,NR_CONVENIO,DS_GENERO,DS_FAIXA_ETARIA,DT_NASCIMENTO) VALUES(107,'Miguel Almeida','Miguel.Almeida@fiapmail.com',11352317637,48166,'M','Criança',TO_DATE('17/11/2013','DD/MM/YYYY'));
INSERT INTO T_PACIENTE (ID_PACIENTE,NM_PACIENTE,DS_EMAIL,NR_TELEFONE,NR_CONVENIO,DS_GENERO,DS_FAIXA_ETARIA,DT_NASCIMENTO) VALUES(108,'Sophia Rocha','Sophia.Rocha@fiapmail.com',11542612148,43703,'F','Idoso',TO_DATE('28/04/1936','DD/MM/YYYY'));
INSERT INTO T_PACIENTE (ID_PACIENTE,NM_PACIENTE,DS_EMAIL,NR_TELEFONE,NR_CONVENIO,DS_GENERO,DS_FAIXA_ETARIA,DT_NASCIMENTO) VALUES(109,'Thiago Oliveira','Thiago.Oliveira@fiapmail.com',11677076470,33167,'M','Adulto',TO_DATE('14/09/1979','DD/MM/YYYY'));
INSERT INTO T_PACIENTE (ID_PACIENTE,NM_PACIENTE,DS_EMAIL,NR_TELEFONE,NR_CONVENIO,DS_GENERO,DS_FAIXA_ETARIA,DT_NASCIMENTO) VALUES(110,'Laura Costa','Laura.Costa@fiapmail.com',11964904899,46996,'F','Adolescente',TO_DATE('12/05/1998','DD/MM/YYYY'));
INSERT INTO T_PACIENTE (ID_PACIENTE,NM_PACIENTE,DS_EMAIL,NR_TELEFONE,NR_CONVENIO,DS_GENERO,DS_FAIXA_ETARIA,DT_NASCIMENTO) VALUES(111,'Enzo Santos','Enzo.Santos@fiapmail.com',11323317655,66564,'M','Criança',TO_DATE('23/08/2012','DD/MM/YYYY'));
INSERT INTO T_PACIENTE (ID_PACIENTE,NM_PACIENTE,DS_EMAIL,NR_TELEFONE,NR_CONVENIO,DS_GENERO,DS_FAIXA_ETARIA,DT_NASCIMENTO) VALUES(112,'Maria Santos','Maria.Santos@fiapmail.com',11372605035,44136,'F','Idoso',TO_DATE('08/01/1935','DD/MM/YYYY'));
INSERT INTO T_PACIENTE (ID_PACIENTE,NM_PACIENTE,DS_EMAIL,NR_TELEFONE,NR_CONVENIO,DS_GENERO,DS_FAIXA_ETARIA,DT_NASCIMENTO) VALUES(113,'Carlos Lima','Carlos.Lima@fiapmail.com',11677364430,67227,'M','Adulto',TO_DATE('19/06/1986','DD/MM/YYYY'));
INSERT INTO T_PACIENTE (ID_PACIENTE,NM_PACIENTE,DS_EMAIL,NR_TELEFONE,NR_CONVENIO,DS_GENERO,DS_FAIXA_ETARIA,DT_NASCIMENTO) VALUES(114,'Manuela Almeida','Manuela.Almeida@fiapmail.com',11210088714,47603,'F','Adolescente',TO_DATE('05/10/1993','DD/MM/YYYY'));
INSERT INTO T_PACIENTE (ID_PACIENTE,NM_PACIENTE,DS_EMAIL,NR_TELEFONE,NR_CONVENIO,DS_GENERO,DS_FAIXA_ETARIA,DT_NASCIMENTO) VALUES(115,'Gabriel Rocha','Gabriel.Rocha@fiapmail.com',11532009855,48830,'M','Criança',TO_DATE('18/04/2012','DD/MM/YYYY'));
INSERT INTO T_PACIENTE (ID_PACIENTE,NM_PACIENTE,DS_EMAIL,NR_TELEFONE,NR_CONVENIO,DS_GENERO,DS_FAIXA_ETARIA,DT_NASCIMENTO) VALUES(116,'Clara Santos','Clara.Santos@fiapmail.com',11904875354,53824,'F','Idoso',TO_DATE('16/09/1937','DD/MM/YYYY'));
INSERT INTO T_PACIENTE (ID_PACIENTE,NM_PACIENTE,DS_EMAIL,NR_TELEFONE,NR_CONVENIO,DS_GENERO,DS_FAIXA_ETARIA,DT_NASCIMENTO) VALUES(117,'Guilherme Lima','Guilherme.Lima@fiapmail.com',11529996653,61171,'M','Adulto',TO_DATE('20/02/1978','DD/MM/YYYY'));
INSERT INTO T_PACIENTE (ID_PACIENTE,NM_PACIENTE,DS_EMAIL,NR_TELEFONE,NR_CONVENIO,DS_GENERO,DS_FAIXA_ETARIA,DT_NASCIMENTO) VALUES(118,'Helena Oliveira','Helena.Oliveira@fiapmail.com',11311783142,64353,'F','Adolescente',TO_DATE('10/01/2002','DD/MM/YYYY'));
INSERT INTO T_PACIENTE (ID_PACIENTE,NM_PACIENTE,DS_EMAIL,NR_TELEFONE,NR_CONVENIO,DS_GENERO,DS_FAIXA_ETARIA,DT_NASCIMENTO) VALUES(119,'Luan Almeida','Luan.Almeida@fiapmail.com',11429501396,64757,'M','Criança',TO_DATE('07/07/2014','DD/MM/YYYY'));
INSERT INTO T_PACIENTE (ID_PACIENTE,NM_PACIENTE,DS_EMAIL,NR_TELEFONE,NR_CONVENIO,DS_GENERO,DS_FAIXA_ETARIA,DT_NASCIMENTO) VALUES(120,'Maria Lima','Maria.Lima@fiapmail.com',11744511533,53532,'F','Idoso',TO_DATE('25/04/1933','DD/MM/YYYY'));
INSERT INTO T_PACIENTE (ID_PACIENTE,NM_PACIENTE,DS_EMAIL,NR_TELEFONE,NR_CONVENIO,DS_GENERO,DS_FAIXA_ETARIA,DT_NASCIMENTO) VALUES(121,'Lucas Rocha','Lucas.Rocha@fiapmail.com',1189595796,44619,'M','Adulto',TO_DATE('13/11/1977','DD/MM/YYYY'));
INSERT INTO T_PACIENTE (ID_PACIENTE,NM_PACIENTE,DS_EMAIL,NR_TELEFONE,NR_CONVENIO,DS_GENERO,DS_FAIXA_ETARIA,DT_NASCIMENTO) VALUES(122,'Sophie Costa','Sophie.Costa@fiapmail.com',11904328402,67123,'F','Adolescente',TO_DATE('02/04/1998','DD/MM/YYYY'));
INSERT INTO T_PACIENTE (ID_PACIENTE,NM_PACIENTE,DS_EMAIL,NR_TELEFONE,NR_CONVENIO,DS_GENERO,DS_FAIXA_ETARIA,DT_NASCIMENTO) VALUES(123,'Daniel Lima','Daniel.Lima@fiapmail.com',11348554311,38556,'M','Criança',TO_DATE('19/12/2011','DD/MM/YYYY'));
INSERT INTO T_PACIENTE (ID_PACIENTE,NM_PACIENTE,DS_EMAIL,NR_TELEFONE,NR_CONVENIO,DS_GENERO,DS_FAIXA_ETARIA,DT_NASCIMENTO) VALUES(124,'Valentina Lima','Valentina.Lima@fiapmail.com',1198155290,55997,'F','Idoso',TO_DATE('07/03/1944','DD/MM/YYYY'));
INSERT INTO T_PACIENTE (ID_PACIENTE,NM_PACIENTE,DS_EMAIL,NR_TELEFONE,NR_CONVENIO,DS_GENERO,DS_FAIXA_ETARIA,DT_NASCIMENTO) VALUES(125,'Arthur Santos','Arthur.Santos@fiapmail.com',11968085631,51614,'M','Adulto',TO_DATE('15/08/1981','DD/MM/YYYY'));
INSERT INTO T_PACIENTE (ID_PACIENTE,NM_PACIENTE,DS_EMAIL,NR_TELEFONE,NR_CONVENIO,DS_GENERO,DS_FAIXA_ETARIA,DT_NASCIMENTO) VALUES(126,'Eduarda Lima','Eduarda.Lima@fiapmail.com',11993117803,38510,'F','Adolescente',TO_DATE('10/12/1996','DD/MM/YYYY'));
INSERT INTO T_PACIENTE (ID_PACIENTE,NM_PACIENTE,DS_EMAIL,NR_TELEFONE,NR_CONVENIO,DS_GENERO,DS_FAIXA_ETARIA,DT_NASCIMENTO) VALUES(127,'Rafael Silva','Rafael.Silva@fiapmail.com',11670225482,37980,'M','Criança',TO_DATE('22/05/2012','DD/MM/YYYY'));
INSERT INTO T_PACIENTE (ID_PACIENTE,NM_PACIENTE,DS_EMAIL,NR_TELEFONE,NR_CONVENIO,DS_GENERO,DS_FAIXA_ETARIA,DT_NASCIMENTO) VALUES(128,'Bianca Oliveira','Bianca.Oliveira@fiapmail.com',1182807219,56469,'F','Idoso',TO_DATE('01/10/1935','DD/MM/YYYY'));
INSERT INTO T_PACIENTE (ID_PACIENTE,NM_PACIENTE,DS_EMAIL,NR_TELEFONE,NR_CONVENIO,DS_GENERO,DS_FAIXA_ETARIA,DT_NASCIMENTO) VALUES(129,'João Almeida','João.Almeida@fiapmail.com',11899299381,45253,'M','Adulto',TO_DATE('24/07/1973','DD/MM/YYYY'));
INSERT INTO T_PACIENTE (ID_PACIENTE,NM_PACIENTE,DS_EMAIL,NR_TELEFONE,NR_CONVENIO,DS_GENERO,DS_FAIXA_ETARIA,DT_NASCIMENTO) VALUES(130,'Lara Rocha','Lara.Rocha@fiapmail.com',11261940184,34916,'F','Adolescente',TO_DATE('27/11/1999','DD/MM/YYYY'));

INSERT INTO T_PACIENTE (ID_PACIENTE,NM_PACIENTE,DS_EMAIL,NR_TELEFONE,NR_CONVENIO,DS_GENERO,DS_FAIXA_ETARIA,DT_NASCIMENTO) VALUES(131,'Gustavo Santos','Gustavo.Santos@fiapmail.com',11703949529,68140,'M','Criança',TO_DATE('28/04/2012','DD/MM/YYYY'));
INSERT INTO T_PACIENTE (ID_PACIENTE,NM_PACIENTE,DS_EMAIL,NR_TELEFONE,NR_CONVENIO,DS_GENERO,DS_FAIXA_ETARIA,DT_NASCIMENTO) VALUES(132,'Ana Almeida','Ana.Almeida@fiapmail.com',11975815590,35248,'F','Idoso',TO_DATE('19/08/1932','DD/MM/YYYY'));
INSERT INTO T_PACIENTE (ID_PACIENTE,NM_PACIENTE,DS_EMAIL,NR_TELEFONE,NR_CONVENIO,DS_GENERO,DS_FAIXA_ETARIA,DT_NASCIMENTO) VALUES(133,'Miguel Rocha','Miguel.Rocha@fiapmail.com',11269458913,61043,'M','Adulto',TO_DATE('02/02/1978','DD/MM/YYYY'));
INSERT INTO T_PACIENTE (ID_PACIENTE,NM_PACIENTE,DS_EMAIL,NR_TELEFONE,NR_CONVENIO,DS_GENERO,DS_FAIXA_ETARIA,DT_NASCIMENTO) VALUES(134,'Sophia Lima','Sophia.Lima@fiapmail.com',11278888860,44254,'F','Adolescente',TO_DATE('14/05/1997','DD/MM/YYYY'));
INSERT INTO T_PACIENTE (ID_PACIENTE,NM_PACIENTE,DS_EMAIL,NR_TELEFONE,NR_CONVENIO,DS_GENERO,DS_FAIXA_ETARIA,DT_NASCIMENTO) VALUES(135,'Enzo Oliveira','Enzo.Oliveira@fiapmail.com',11581498891,62711,'M','Criança',TO_DATE('11/09/2012','DD/MM/YYYY'));
INSERT INTO T_PACIENTE (ID_PACIENTE,NM_PACIENTE,DS_EMAIL,NR_TELEFONE,NR_CONVENIO,DS_GENERO,DS_FAIXA_ETARIA,DT_NASCIMENTO) VALUES(136,'Clara Costa','Clara.Costa@fiapmail.com',11943722119,65379,'F','Idoso',TO_DATE('29/04/1934','DD/MM/YYYY'));
INSERT INTO T_PACIENTE (ID_PACIENTE,NM_PACIENTE,DS_EMAIL,NR_TELEFONE,NR_CONVENIO,DS_GENERO,DS_FAIXA_ETARIA,DT_NASCIMENTO) VALUES(137,'Luiz Martins','Luiz.Martins@fiapmail.com',11866575508,57273,'M','Adulto',TO_DATE('05/01/1984','DD/MM/YYYY'));
INSERT INTO T_PACIENTE (ID_PACIENTE,NM_PACIENTE,DS_EMAIL,NR_TELEFONE,NR_CONVENIO,DS_GENERO,DS_FAIXA_ETARIA,DT_NASCIMENTO) VALUES(138,'Lívia Oliveira','Lívia.Oliveira@fiapmail.com',11968797780,39068,'F','Adolescente',TO_DATE('18/08/1998','DD/MM/YYYY'));
INSERT INTO T_PACIENTE (ID_PACIENTE,NM_PACIENTE,DS_EMAIL,NR_TELEFONE,NR_CONVENIO,DS_GENERO,DS_FAIXA_ETARIA,DT_NASCIMENTO) VALUES(139,'Nicolas Lima','Nicolas.Lima@fiapmail.com',11917459915,40259,'M','Criança',TO_DATE('23/03/2013','DD/MM/YYYY'));
INSERT INTO T_PACIENTE (ID_PACIENTE,NM_PACIENTE,DS_EMAIL,NR_TELEFONE,NR_CONVENIO,DS_GENERO,DS_FAIXA_ETARIA,DT_NASCIMENTO) VALUES(140,'Isadora Santos','Isadora.Santos@fiapmail.com',11363686802,39961,'F','Idoso',TO_DATE('07/02/1939','DD/MM/YYYY'));
INSERT INTO T_PACIENTE (ID_PACIENTE,NM_PACIENTE,DS_EMAIL,NR_TELEFONE,NR_CONVENIO,DS_GENERO,DS_FAIXA_ETARIA,DT_NASCIMENTO) VALUES(141,'Lucas Almeida','Lucas.Almeida@fiapmail.com',11588335123,34203,'M','Adulto',TO_DATE('20/06/1975','DD/MM/YYYY'));
INSERT INTO T_PACIENTE (ID_PACIENTE,NM_PACIENTE,DS_EMAIL,NR_TELEFONE,NR_CONVENIO,DS_GENERO,DS_FAIXA_ETARIA,DT_NASCIMENTO) VALUES(142,'Manuela Costa','Manuela.Costa@fiapmail.com',1195419727,33090,'F','Adolescente',TO_DATE('14/12/1995','DD/MM/YYYY'));
INSERT INTO T_PACIENTE (ID_PACIENTE,NM_PACIENTE,DS_EMAIL,NR_TELEFONE,NR_CONVENIO,DS_GENERO,DS_FAIXA_ETARIA,DT_NASCIMENTO) VALUES(143,'Rafael Rocha','Rafael.Rocha@fiapmail.com',11941853380,50320,'M','Criança',TO_DATE('01/05/2012','DD/MM/YYYY'));
INSERT INTO T_PACIENTE (ID_PACIENTE,NM_PACIENTE,DS_EMAIL,NR_TELEFONE,NR_CONVENIO,DS_GENERO,DS_FAIXA_ETARIA,DT_NASCIMENTO) VALUES(144,'Isabella Santos','Isabella.Santos@fiapmail.com',1194715456,40464,'F','Idoso',TO_DATE('16/10/1931','DD/MM/YYYY'));
INSERT INTO T_PACIENTE (ID_PACIENTE,NM_PACIENTE,DS_EMAIL,NR_TELEFONE,NR_CONVENIO,DS_GENERO,DS_FAIXA_ETARIA,DT_NASCIMENTO) VALUES(145,'Vinícius Lima','Vinícius.Lima@fiapmail.com',11978777136,60412,'M','Adulto',TO_DATE('25/11/1988','DD/MM/YYYY'));
INSERT INTO T_PACIENTE (ID_PACIENTE,NM_PACIENTE,DS_EMAIL,NR_TELEFONE,NR_CONVENIO,DS_GENERO,DS_FAIXA_ETARIA,DT_NASCIMENTO) VALUES(146,'Lara Almeida','Lara.Almeida@fiapmail.com',11589321625,45203,'F','Adolescente',TO_DATE('08/07/1994','DD/MM/YYYY'));
INSERT INTO T_PACIENTE (ID_PACIENTE,NM_PACIENTE,DS_EMAIL,NR_TELEFONE,NR_CONVENIO,DS_GENERO,DS_FAIXA_ETARIA,DT_NASCIMENTO) VALUES(147,'João Oliveira','João.Oliveira@fiapmail.com',11622438639,68427,'M','Criança',TO_DATE('12/09/2011','DD/MM/YYYY'));
INSERT INTO T_PACIENTE (ID_PACIENTE,NM_PACIENTE,DS_EMAIL,NR_TELEFONE,NR_CONVENIO,DS_GENERO,DS_FAIXA_ETARIA,DT_NASCIMENTO) VALUES(148,'Sophie Lima','Sophie.Lima@fiapmail.com',11326350742,55205,'F','Idoso',TO_DATE('14/02/1936','DD/MM/YYYY'));
INSERT INTO T_PACIENTE (ID_PACIENTE,NM_PACIENTE,DS_EMAIL,NR_TELEFONE,NR_CONVENIO,DS_GENERO,DS_FAIXA_ETARIA,DT_NASCIMENTO) VALUES(149,'Mariano Santos','Mariano.Santos@fiapmail.com',11954305611,61881,'M','Adulto',TO_DATE('09/07/1979','DD/MM/YYYY'));
INSERT INTO T_PACIENTE (ID_PACIENTE,NM_PACIENTE,DS_EMAIL,NR_TELEFONE,NR_CONVENIO,DS_GENERO,DS_FAIXA_ETARIA,DT_NASCIMENTO) VALUES(150,'Larissa Oliveira','Larissa.Oliveira@fiapmail.com',11645723325,38176,'F','Adolescente',TO_DATE('05/04/1996','DD/MM/YYYY'));
INSERT INTO T_PACIENTE (ID_PACIENTE,NM_PACIENTE,DS_EMAIL,NR_TELEFONE,NR_CONVENIO,DS_GENERO,DS_FAIXA_ETARIA,DT_NASCIMENTO) VALUES(151,'Gustavo Lima','Gustavo.Lima@fiapmail.com',11640777943,36423,'M','Criança',TO_DATE('30/12/2012','DD/MM/YYYY'));
INSERT INTO T_PACIENTE (ID_PACIENTE,NM_PACIENTE,DS_EMAIL,NR_TELEFONE,NR_CONVENIO,DS_GENERO,DS_FAIXA_ETARIA,DT_NASCIMENTO) VALUES(152,'Maria Rocha','Maria.Rocha@fiapmail.com',11966258857,31493,'F','Idoso',TO_DATE('18/03/1939','DD/MM/YYYY'));
INSERT INTO T_PACIENTE (ID_PACIENTE,NM_PACIENTE,DS_EMAIL,NR_TELEFONE,NR_CONVENIO,DS_GENERO,DS_FAIXA_ETARIA,DT_NASCIMENTO) VALUES(153,'Arthur Almeida','Arthur.Almeida@fiapmail.com',11875928746,38875,'M','Adulto',TO_DATE('03/11/1987','DD/MM/YYYY'));
INSERT INTO T_PACIENTE (ID_PACIENTE,NM_PACIENTE,DS_EMAIL,NR_TELEFONE,NR_CONVENIO,DS_GENERO,DS_FAIXA_ETARIA,DT_NASCIMENTO) VALUES(154,'Ana Lima','Ana.Lima@fiapmail.com',11910051805,35593,'F','Adolescente',TO_DATE('22/04/2001','DD/MM/YYYY'));
INSERT INTO T_PACIENTE (ID_PACIENTE,NM_PACIENTE,DS_EMAIL,NR_TELEFONE,NR_CONVENIO,DS_GENERO,DS_FAIXA_ETARIA,DT_NASCIMENTO) VALUES(155,'Enzo Costa','Enzo.Costa@fiapmail.com',11725502822,47860,'M','Criança',TO_DATE('17/09/2012','DD/MM/YYYY'));
INSERT INTO T_PACIENTE (ID_PACIENTE,NM_PACIENTE,DS_EMAIL,NR_TELEFONE,NR_CONVENIO,DS_GENERO,DS_FAIXA_ETARIA,DT_NASCIMENTO) VALUES(156,'Laura Rocha','Laura.Rocha@fiapmail.com',11489831524,54084,'F','Idoso',TO_DATE('14/12/1942','DD/MM/YYYY'));


--POPULANDO DADOS NA TABELA T_ESTADO

INSERT INTO T_ESTADO (ID_ESTADO,SG_ESTADO,NM_ESTADO) VALUES(1,'SP','SAO PAULO');
INSERT INTO T_ESTADO (ID_ESTADO,SG_ESTADO,NM_ESTADO) VALUES(2,'RJ','RIO DE JANEIRO');
INSERT INTO T_ESTADO (ID_ESTADO,SG_ESTADO,NM_ESTADO) VALUES(3,'PE','PERNAMBUCO');
INSERT INTO T_ESTADO (ID_ESTADO,SG_ESTADO,NM_ESTADO) VALUES(4,'CE','CEARA');

--POPULANDO DADOS NA TABELA T_CIDADE

INSERT INTO T_CIDADE (ID_CIDADE,ID_ESTADO,NM_CIDADE) VALUES(1,1,'SAO PAULO');
INSERT INTO T_CIDADE (ID_CIDADE,ID_ESTADO,NM_CIDADE) VALUES(2,2,'RIO DE JANEIRO');
INSERT INTO T_CIDADE (ID_CIDADE,ID_ESTADO,NM_CIDADE) VALUES(3,3,'RECIFE');
INSERT INTO T_CIDADE (ID_CIDADE,ID_ESTADO,NM_CIDADE) VALUES(4,4,'FORTALEZA');

--POPULANDO DADOS NA TABELA T_BAIRRO

INSERT INTO T_BAIRRO (ID_BAIRRO,ID_CIDADE,NM_BAIRRO,NM_ZONA_BAIRRO) VALUES(1,1,'Bela Vista','CENTRO');
INSERT INTO T_BAIRRO (ID_BAIRRO,ID_CIDADE,NM_BAIRRO,NM_ZONA_BAIRRO) VALUES(2,1,'Jardim Paulista','ZONA LESTE');
INSERT INTO T_BAIRRO (ID_BAIRRO,ID_CIDADE,NM_BAIRRO,NM_ZONA_BAIRRO) VALUES(3,1,'Analia Franco','ZONA LESTE');
INSERT INTO T_BAIRRO (ID_BAIRRO,ID_CIDADE,NM_BAIRRO,NM_ZONA_BAIRRO) VALUES(4,1,'Tatuape','ZONA LESTE');
INSERT INTO T_BAIRRO (ID_BAIRRO,ID_CIDADE,NM_BAIRRO,NM_ZONA_BAIRRO) VALUES(5,1,'Santana','ZONA NORTE');
INSERT INTO T_BAIRRO (ID_BAIRRO,ID_CIDADE,NM_BAIRRO,NM_ZONA_BAIRRO) VALUES(6,1,'Tucuruvi','ZONA NORTE');
INSERT INTO T_BAIRRO (ID_BAIRRO,ID_CIDADE,NM_BAIRRO,NM_ZONA_BAIRRO) VALUES(7,1,'Vila Madalena','ZONA OESTE');
INSERT INTO T_BAIRRO (ID_BAIRRO,ID_CIDADE,NM_BAIRRO,NM_ZONA_BAIRRO) VALUES(8,1,'Brooklin','ZONA SUL');
INSERT INTO T_BAIRRO (ID_BAIRRO,ID_CIDADE,NM_BAIRRO,NM_ZONA_BAIRRO) VALUES(9,1,'Moema','ZONA SUL');
INSERT INTO T_BAIRRO (ID_BAIRRO,ID_CIDADE,NM_BAIRRO,NM_ZONA_BAIRRO) VALUES(10,1,'Morumbi','ZONA SUL');
INSERT INTO T_BAIRRO (ID_BAIRRO,ID_CIDADE,NM_BAIRRO,NM_ZONA_BAIRRO) VALUES(11,1,'Pinheiros','ZONA SUL');
INSERT INTO T_BAIRRO (ID_BAIRRO,ID_CIDADE,NM_BAIRRO,NM_ZONA_BAIRRO) VALUES(12,1,'Vila Mariana','ZONA SUL');


--POPULANDO DADOS NA TABELA T_LOGRADOURO

INSERT INTO T_LOGRADOURO (ID_LOGRADOURO,ID_BAIRRO,NM_LOGRADOURO,NR_CEP) VALUES(1,1,'Rua das Flores',1234567);
INSERT INTO T_LOGRADOURO (ID_LOGRADOURO,ID_BAIRRO,NM_LOGRADOURO,NR_CEP) VALUES(2,2,'Avenida dos Bandeirantes',4567890);
INSERT INTO T_LOGRADOURO (ID_LOGRADOURO,ID_BAIRRO,NM_LOGRADOURO,NR_CEP) VALUES(3,3,'Travessa das Palmeiras',5678901);
INSERT INTO T_LOGRADOURO (ID_LOGRADOURO,ID_BAIRRO,NM_LOGRADOURO,NR_CEP) VALUES(4,4,'Alameda das Acácias',7890123);
INSERT INTO T_LOGRADOURO (ID_LOGRADOURO,ID_BAIRRO,NM_LOGRADOURO,NR_CEP) VALUES(5,5,'Rua dos Ipês',8901234);
INSERT INTO T_LOGRADOURO (ID_LOGRADOURO,ID_BAIRRO,NM_LOGRADOURO,NR_CEP) VALUES(6,6,'Avenida da Liberdade',9012345);
INSERT INTO T_LOGRADOURO (ID_LOGRADOURO,ID_BAIRRO,NM_LOGRADOURO,NR_CEP) VALUES(7,7,'Praça das Oliveiras',10987654);
INSERT INTO T_LOGRADOURO (ID_LOGRADOURO,ID_BAIRRO,NM_LOGRADOURO,NR_CEP) VALUES(8,8,'Rua dos Pinheiros',12098765);
INSERT INTO T_LOGRADOURO (ID_LOGRADOURO,ID_BAIRRO,NM_LOGRADOURO,NR_CEP) VALUES(9,9,'Avenida Paulista',13098760);
INSERT INTO T_LOGRADOURO (ID_LOGRADOURO,ID_BAIRRO,NM_LOGRADOURO,NR_CEP) VALUES(10,10,'Travessa das Rosas',14098761);
INSERT INTO T_LOGRADOURO (ID_LOGRADOURO,ID_BAIRRO,NM_LOGRADOURO,NR_CEP) VALUES(11,11,'Alameda das Azaleias',15098762);
INSERT INTO T_LOGRADOURO (ID_LOGRADOURO,ID_BAIRRO,NM_LOGRADOURO,NR_CEP) VALUES(12,12,'Rua das Orquídeas',16098763);
INSERT INTO T_LOGRADOURO (ID_LOGRADOURO,ID_BAIRRO,NM_LOGRADOURO,NR_CEP) VALUES(13,1,'Avenida dos Flamboyants',17098764);
INSERT INTO T_LOGRADOURO (ID_LOGRADOURO,ID_BAIRRO,NM_LOGRADOURO,NR_CEP) VALUES(14,2,'Praça das Violetas',18098765);
INSERT INTO T_LOGRADOURO (ID_LOGRADOURO,ID_BAIRRO,NM_LOGRADOURO,NR_CEP) VALUES(15,3,'Travessa das Tulipas',19098766);
INSERT INTO T_LOGRADOURO (ID_LOGRADOURO,ID_BAIRRO,NM_LOGRADOURO,NR_CEP) VALUES(16,4,'Rua das Magnólias',20098767);
INSERT INTO T_LOGRADOURO (ID_LOGRADOURO,ID_BAIRRO,NM_LOGRADOURO,NR_CEP) VALUES(17,5,'Avenida das Camélias',21098768);
INSERT INTO T_LOGRADOURO (ID_LOGRADOURO,ID_BAIRRO,NM_LOGRADOURO,NR_CEP) VALUES(18,6,'Alameda dos Cravos',22098769);
INSERT INTO T_LOGRADOURO (ID_LOGRADOURO,ID_BAIRRO,NM_LOGRADOURO,NR_CEP) VALUES(19,7,'Praça das Margaridas',23098770);
INSERT INTO T_LOGRADOURO (ID_LOGRADOURO,ID_BAIRRO,NM_LOGRADOURO,NR_CEP) VALUES(20,8,'Travessa das Hortênsias',24098771);
INSERT INTO T_LOGRADOURO (ID_LOGRADOURO,ID_BAIRRO,NM_LOGRADOURO,NR_CEP) VALUES(21,9,'Rua das Begônias',25098772);
INSERT INTO T_LOGRADOURO (ID_LOGRADOURO,ID_BAIRRO,NM_LOGRADOURO,NR_CEP) VALUES(22,10,'Alameda dos Lírios',26098773);
INSERT INTO T_LOGRADOURO (ID_LOGRADOURO,ID_BAIRRO,NM_LOGRADOURO,NR_CEP) VALUES(23,11,'Avenida das Violetas',27098774);
INSERT INTO T_LOGRADOURO (ID_LOGRADOURO,ID_BAIRRO,NM_LOGRADOURO,NR_CEP) VALUES(24,12,'Praça das Acácias',28098775);
INSERT INTO T_LOGRADOURO (ID_LOGRADOURO,ID_BAIRRO,NM_LOGRADOURO,NR_CEP) VALUES(25,1,'Travessa dos Girassóis',29098776);
INSERT INTO T_LOGRADOURO (ID_LOGRADOURO,ID_BAIRRO,NM_LOGRADOURO,NR_CEP) VALUES(26,2,'Rua das Palmas',30098777);
INSERT INTO T_LOGRADOURO (ID_LOGRADOURO,ID_BAIRRO,NM_LOGRADOURO,NR_CEP) VALUES(27,3,'Alameda das Margaridas',31098778);
INSERT INTO T_LOGRADOURO (ID_LOGRADOURO,ID_BAIRRO,NM_LOGRADOURO,NR_CEP) VALUES(28,4,'Praça das Orquídeas',32098779);
INSERT INTO T_LOGRADOURO (ID_LOGRADOURO,ID_BAIRRO,NM_LOGRADOURO,NR_CEP) VALUES(29,5,'Travessa das Azaleias',33098780);
INSERT INTO T_LOGRADOURO (ID_LOGRADOURO,ID_BAIRRO,NM_LOGRADOURO,NR_CEP) VALUES(30,6,'Rua dos Jasmim',34098781);
INSERT INTO T_LOGRADOURO (ID_LOGRADOURO,ID_BAIRRO,NM_LOGRADOURO,NR_CEP) VALUES(31,7,'Avenida das Tulipas',35098782);
INSERT INTO T_LOGRADOURO (ID_LOGRADOURO,ID_BAIRRO,NM_LOGRADOURO,NR_CEP) VALUES(32,8,'Alameda dos Narcisos',36098783);
INSERT INTO T_LOGRADOURO (ID_LOGRADOURO,ID_BAIRRO,NM_LOGRADOURO,NR_CEP) VALUES(33,9,'Praça das Dálias',37098784);
INSERT INTO T_LOGRADOURO (ID_LOGRADOURO,ID_BAIRRO,NM_LOGRADOURO,NR_CEP) VALUES(34,10,'Travessa das Glicínias',38098785);
INSERT INTO T_LOGRADOURO (ID_LOGRADOURO,ID_BAIRRO,NM_LOGRADOURO,NR_CEP) VALUES(35,11,'Rua das Hortênsias',39098786);
INSERT INTO T_LOGRADOURO (ID_LOGRADOURO,ID_BAIRRO,NM_LOGRADOURO,NR_CEP) VALUES(36,12,'Avenida dos Manacás',40098787);
INSERT INTO T_LOGRADOURO (ID_LOGRADOURO,ID_BAIRRO,NM_LOGRADOURO,NR_CEP) VALUES(37,1,'Alameda das Camélias',41098788);
INSERT INTO T_LOGRADOURO (ID_LOGRADOURO,ID_BAIRRO,NM_LOGRADOURO,NR_CEP) VALUES(38,2,'Praça dos Cravos',42098789);
INSERT INTO T_LOGRADOURO (ID_LOGRADOURO,ID_BAIRRO,NM_LOGRADOURO,NR_CEP) VALUES(39,3,'Travessa das Papoulas',43098790);
INSERT INTO T_LOGRADOURO (ID_LOGRADOURO,ID_BAIRRO,NM_LOGRADOURO,NR_CEP) VALUES(40,4,'Rua dos Antúrios',44098791);
INSERT INTO T_LOGRADOURO (ID_LOGRADOURO,ID_BAIRRO,NM_LOGRADOURO,NR_CEP) VALUES(41,5,'Avenida das Azaleias',45098792);
INSERT INTO T_LOGRADOURO (ID_LOGRADOURO,ID_BAIRRO,NM_LOGRADOURO,NR_CEP) VALUES(42,6,'Alameda das Magnólias',46098793);
INSERT INTO T_LOGRADOURO (ID_LOGRADOURO,ID_BAIRRO,NM_LOGRADOURO,NR_CEP) VALUES(43,7,'Praça das Orquídeas',47098794);
INSERT INTO T_LOGRADOURO (ID_LOGRADOURO,ID_BAIRRO,NM_LOGRADOURO,NR_CEP) VALUES(44,8,'Travessa dos Girassóis',48098795);
INSERT INTO T_LOGRADOURO (ID_LOGRADOURO,ID_BAIRRO,NM_LOGRADOURO,NR_CEP) VALUES(45,9,'Rua das Margaridas',49098796);
INSERT INTO T_LOGRADOURO (ID_LOGRADOURO,ID_BAIRRO,NM_LOGRADOURO,NR_CEP) VALUES(46,10,'Avenida dos Jasmins',50098797);
INSERT INTO T_LOGRADOURO (ID_LOGRADOURO,ID_BAIRRO,NM_LOGRADOURO,NR_CEP) VALUES(47,11,'Alameda dos Manacás',51098798);
INSERT INTO T_LOGRADOURO (ID_LOGRADOURO,ID_BAIRRO,NM_LOGRADOURO,NR_CEP) VALUES(48,12,'Praça dos Cravos',52098799);
INSERT INTO T_LOGRADOURO (ID_LOGRADOURO,ID_BAIRRO,NM_LOGRADOURO,NR_CEP) VALUES(49,1,'Travessa das Tulipas',53098800);
INSERT INTO T_LOGRADOURO (ID_LOGRADOURO,ID_BAIRRO,NM_LOGRADOURO,NR_CEP) VALUES(50,2,'Rua dos Crisântemos',54098801);
INSERT INTO T_LOGRADOURO (ID_LOGRADOURO,ID_BAIRRO,NM_LOGRADOURO,NR_CEP) VALUES(51,3,'Avenida das Azaleias',55098802);
INSERT INTO T_LOGRADOURO (ID_LOGRADOURO,ID_BAIRRO,NM_LOGRADOURO,NR_CEP) VALUES(52,4,'Alameda das Margaridas',56098803);
INSERT INTO T_LOGRADOURO (ID_LOGRADOURO,ID_BAIRRO,NM_LOGRADOURO,NR_CEP) VALUES(53,5,'Praça das Orquídeas',57098804);
INSERT INTO T_LOGRADOURO (ID_LOGRADOURO,ID_BAIRRO,NM_LOGRADOURO,NR_CEP) VALUES(54,6,'Travessa dos Girassóis',58098805);
INSERT INTO T_LOGRADOURO (ID_LOGRADOURO,ID_BAIRRO,NM_LOGRADOURO,NR_CEP) VALUES(55,7,'Rua das Hortênsias',59098806);
INSERT INTO T_LOGRADOURO (ID_LOGRADOURO,ID_BAIRRO,NM_LOGRADOURO,NR_CEP) VALUES(56,8,'Avenida dos Manacás',60098807);
INSERT INTO T_LOGRADOURO (ID_LOGRADOURO,ID_BAIRRO,NM_LOGRADOURO,NR_CEP) VALUES(57,9,'Alameda das Camélias',61098808);
INSERT INTO T_LOGRADOURO (ID_LOGRADOURO,ID_BAIRRO,NM_LOGRADOURO,NR_CEP) VALUES(58,10,'Praça dos Cravos',62098809);
INSERT INTO T_LOGRADOURO (ID_LOGRADOURO,ID_BAIRRO,NM_LOGRADOURO,NR_CEP) VALUES(59,11,'Travessa das Papoulas',63098810);
INSERT INTO T_LOGRADOURO (ID_LOGRADOURO,ID_BAIRRO,NM_LOGRADOURO,NR_CEP) VALUES(60,12,'Rua das Papoulas',64098811);
INSERT INTO T_LOGRADOURO (ID_LOGRADOURO,ID_BAIRRO,NM_LOGRADOURO,NR_CEP) VALUES(61,1,'Avenida dos Jasmins',65098812);
INSERT INTO T_LOGRADOURO (ID_LOGRADOURO,ID_BAIRRO,NM_LOGRADOURO,NR_CEP) VALUES(62,2,'Alameda dos Manacás',66098813);
INSERT INTO T_LOGRADOURO (ID_LOGRADOURO,ID_BAIRRO,NM_LOGRADOURO,NR_CEP) VALUES(63,3,'Praça dos Cravos',67098814);
INSERT INTO T_LOGRADOURO (ID_LOGRADOURO,ID_BAIRRO,NM_LOGRADOURO,NR_CEP) VALUES(64,4,'Travessa das Tulipas',68098815);
INSERT INTO T_LOGRADOURO (ID_LOGRADOURO,ID_BAIRRO,NM_LOGRADOURO,NR_CEP) VALUES(65,5,'Rua dos Crisântemos',69098816);
INSERT INTO T_LOGRADOURO (ID_LOGRADOURO,ID_BAIRRO,NM_LOGRADOURO,NR_CEP) VALUES(66,6,'Avenida das Azaleias',70098817);
INSERT INTO T_LOGRADOURO (ID_LOGRADOURO,ID_BAIRRO,NM_LOGRADOURO,NR_CEP) VALUES(67,7,'Alameda das Margaridas',71098818);
INSERT INTO T_LOGRADOURO (ID_LOGRADOURO,ID_BAIRRO,NM_LOGRADOURO,NR_CEP) VALUES(68,8,'Praça das Orquídeas',72098819);
INSERT INTO T_LOGRADOURO (ID_LOGRADOURO,ID_BAIRRO,NM_LOGRADOURO,NR_CEP) VALUES(69,9,'Travessa dos Girassóis',73098820);
INSERT INTO T_LOGRADOURO (ID_LOGRADOURO,ID_BAIRRO,NM_LOGRADOURO,NR_CEP) VALUES(70,10,'Rua das Hortênsias',74098821);
INSERT INTO T_LOGRADOURO (ID_LOGRADOURO,ID_BAIRRO,NM_LOGRADOURO,NR_CEP) VALUES(71,11,'Avenida dos Manacás',75098822);
INSERT INTO T_LOGRADOURO (ID_LOGRADOURO,ID_BAIRRO,NM_LOGRADOURO,NR_CEP) VALUES(72,12,'Alameda das Camélias',76098823);
INSERT INTO T_LOGRADOURO (ID_LOGRADOURO,ID_BAIRRO,NM_LOGRADOURO,NR_CEP) VALUES(73,1,'Praça dos Cravos',77098824);
INSERT INTO T_LOGRADOURO (ID_LOGRADOURO,ID_BAIRRO,NM_LOGRADOURO,NR_CEP) VALUES(74,2,'Travessa das Papoulas',78098825);
INSERT INTO T_LOGRADOURO (ID_LOGRADOURO,ID_BAIRRO,NM_LOGRADOURO,NR_CEP) VALUES(75,3,'Rua das Violetas',79098826);
INSERT INTO T_LOGRADOURO (ID_LOGRADOURO,ID_BAIRRO,NM_LOGRADOURO,NR_CEP) VALUES(76,4,'Avenida dos Girassóis',80098827);
INSERT INTO T_LOGRADOURO (ID_LOGRADOURO,ID_BAIRRO,NM_LOGRADOURO,NR_CEP) VALUES(77,5,'Alameda das Azaleias',81098828);
INSERT INTO T_LOGRADOURO (ID_LOGRADOURO,ID_BAIRRO,NM_LOGRADOURO,NR_CEP) VALUES(78,6,'Praça das Acácias',82098829);
INSERT INTO T_LOGRADOURO (ID_LOGRADOURO,ID_BAIRRO,NM_LOGRADOURO,NR_CEP) VALUES(79,7,'Travessa das Rosas',83098830);
INSERT INTO T_LOGRADOURO (ID_LOGRADOURO,ID_BAIRRO,NM_LOGRADOURO,NR_CEP) VALUES(80,8,'Rua das Tulipas',84098831);
INSERT INTO T_LOGRADOURO (ID_LOGRADOURO,ID_BAIRRO,NM_LOGRADOURO,NR_CEP) VALUES(81,9,'Avenida dos Crisântemos',85098832);
INSERT INTO T_LOGRADOURO (ID_LOGRADOURO,ID_BAIRRO,NM_LOGRADOURO,NR_CEP) VALUES(82,10,'Alameda das Margaridas',86098833);
INSERT INTO T_LOGRADOURO (ID_LOGRADOURO,ID_BAIRRO,NM_LOGRADOURO,NR_CEP) VALUES(83,11,'Praça das Orquídeas',87098834);
INSERT INTO T_LOGRADOURO (ID_LOGRADOURO,ID_BAIRRO,NM_LOGRADOURO,NR_CEP) VALUES(84,12,'Travessa dos Lírios',88098835);
INSERT INTO T_LOGRADOURO (ID_LOGRADOURO,ID_BAIRRO,NM_LOGRADOURO,NR_CEP) VALUES(85,1,'Rua das Azaleias',89098836);
INSERT INTO T_LOGRADOURO (ID_LOGRADOURO,ID_BAIRRO,NM_LOGRADOURO,NR_CEP) VALUES(86,2,'Avenida das Rosas',90098837);
INSERT INTO T_LOGRADOURO (ID_LOGRADOURO,ID_BAIRRO,NM_LOGRADOURO,NR_CEP) VALUES(87,3,'Alameda dos Girassóis',91098838);
INSERT INTO T_LOGRADOURO (ID_LOGRADOURO,ID_BAIRRO,NM_LOGRADOURO,NR_CEP) VALUES(88,4,'Praça das Hortênsias',92098839);
INSERT INTO T_LOGRADOURO (ID_LOGRADOURO,ID_BAIRRO,NM_LOGRADOURO,NR_CEP) VALUES(89,5,'Travessa dos Manacás',93098840);
INSERT INTO T_LOGRADOURO (ID_LOGRADOURO,ID_BAIRRO,NM_LOGRADOURO,NR_CEP) VALUES(90,6,'Rua das Papoulas',94098841);
INSERT INTO T_LOGRADOURO (ID_LOGRADOURO,ID_BAIRRO,NM_LOGRADOURO,NR_CEP) VALUES(91,7,'Avenida dos Jasmins',95098842);
INSERT INTO T_LOGRADOURO (ID_LOGRADOURO,ID_BAIRRO,NM_LOGRADOURO,NR_CEP) VALUES(92,8,'Alameda das Violetas',96098843);
INSERT INTO T_LOGRADOURO (ID_LOGRADOURO,ID_BAIRRO,NM_LOGRADOURO,NR_CEP) VALUES(93,9,'Praça dos Cravos',97098844);
INSERT INTO T_LOGRADOURO (ID_LOGRADOURO,ID_BAIRRO,NM_LOGRADOURO,NR_CEP) VALUES(94,10,'Travessa das Tulipas',98098845);
INSERT INTO T_LOGRADOURO (ID_LOGRADOURO,ID_BAIRRO,NM_LOGRADOURO,NR_CEP) VALUES(95,11,'Rua das Hortênsias',99098846);
INSERT INTO T_LOGRADOURO (ID_LOGRADOURO,ID_BAIRRO,NM_LOGRADOURO,NR_CEP) VALUES(96,12,'Avenida dos Manacás',10098847);
INSERT INTO T_LOGRADOURO (ID_LOGRADOURO,ID_BAIRRO,NM_LOGRADOURO,NR_CEP) VALUES(97,1,'Alameda das Camélias',10198848);
INSERT INTO T_LOGRADOURO (ID_LOGRADOURO,ID_BAIRRO,NM_LOGRADOURO,NR_CEP) VALUES(98,2,'Praça das Acácias',10298849);
INSERT INTO T_LOGRADOURO (ID_LOGRADOURO,ID_BAIRRO,NM_LOGRADOURO,NR_CEP) VALUES(99,3,'Travessa das Rosas',10398850);


--POPULANDO DADOS NA TABELA T_HOSPITAL

INSERT INTO T_hospital (ID_HOSPITAL,ID_LOGRADOURO,NM_HOSPITAL,NR_LOGRADOURO,DS_COMPLEMENTO) VALUES(1,13,'Hospital São Lucas',3456,'Bloco A');
INSERT INTO T_hospital (ID_HOSPITAL,ID_LOGRADOURO,NM_HOSPITAL,NR_LOGRADOURO,DS_COMPLEMENTO) VALUES(2,2,'Hospital Santa Clara',763,'Ala B');
INSERT INTO T_hospital (ID_HOSPITAL,ID_LOGRADOURO,NM_HOSPITAL,NR_LOGRADOURO,DS_COMPLEMENTO) VALUES(3,15,'Centro Médico Esperança',245,'Torre 2');
INSERT INTO T_hospital (ID_HOSPITAL,ID_LOGRADOURO,NM_HOSPITAL,NR_LOGRADOURO,DS_COMPLEMENTO) VALUES(4,17,'Hospital Nossa Senhora da Saúde',2845,'Andar 3');
INSERT INTO T_hospital (ID_HOSPITAL,ID_LOGRADOURO,NM_HOSPITAL,NR_LOGRADOURO,DS_COMPLEMENTO) VALUES(5,30,'Instituto de Saúde Nova Vida',3501,'Anexo C');
INSERT INTO T_hospital (ID_HOSPITAL,ID_LOGRADOURO,NM_HOSPITAL,NR_LOGRADOURO,DS_COMPLEMENTO) VALUES(6,23,'Hospital Municipal de Bem-Estar',4835,'Setor D');
INSERT INTO T_hospital (ID_HOSPITAL,ID_LOGRADOURO,NM_HOSPITAL,NR_LOGRADOURO,DS_COMPLEMENTO) VALUES(7,19,'Clínica São José',685,'Pavilhão 1');
INSERT INTO T_hospital (ID_HOSPITAL,ID_LOGRADOURO,NM_HOSPITAL,NR_LOGRADOURO,DS_COMPLEMENTO) VALUES(8,36,'Centro Médico Viva Bem',4825,'Módulo 4');
INSERT INTO T_hospital (ID_HOSPITAL,ID_LOGRADOURO,NM_HOSPITAL,NR_LOGRADOURO,DS_COMPLEMENTO) VALUES(9,25,'Centro Médico Bem Viver',2859,'Andar 8');
INSERT INTO T_hospital (ID_HOSPITAL,ID_LOGRADOURO,NM_HOSPITAL,NR_LOGRADOURO,DS_COMPLEMENTO) VALUES(10,85,'Centro Clinico Tudo Bem',4827,'Andar 5');
INSERT INTO T_hospital (ID_HOSPITAL,ID_LOGRADOURO,NM_HOSPITAL,NR_LOGRADOURO,DS_COMPLEMENTO) VALUES(11,79,'Hospital Saúde e Vida',300,'Torre1');
INSERT INTO T_hospital (ID_HOSPITAL,ID_LOGRADOURO,NM_HOSPITAL,NR_LOGRADOURO,DS_COMPLEMENTO) VALUES(12,31,'Hospital Bom Pastor',850,'Anexo A');


--POPULANDO DADOS NA TABELA T_MEDICO

INSERT INTO T_MEDICO (ID_MEDICO,ID_HOSPITAL,NM_MEDICO,NR_CRM,NM_ESPECIALIDADE) VALUES(1,1,'Dr. Luiz Santos',678902,'Clínico Geral');
INSERT INTO T_MEDICO (ID_MEDICO,ID_HOSPITAL,NM_MEDICO,NR_CRM,NM_ESPECIALIDADE) VALUES(2,2,'Dr. Carlos Pereira',12346,'Clínico Geral');
INSERT INTO T_MEDICO (ID_MEDICO,ID_HOSPITAL,NM_MEDICO,NR_CRM,NM_ESPECIALIDADE) VALUES(3,5,'Dr. Gabriel Lima',456787,'Clínico Geral');
INSERT INTO T_MEDICO (ID_MEDICO,ID_HOSPITAL,NM_MEDICO,NR_CRM,NM_ESPECIALIDADE) VALUES(4,7,'Dr. Thiago Rocha',890124,'Clínico Geral');
INSERT INTO T_MEDICO (ID_MEDICO,ID_HOSPITAL,NM_MEDICO,NR_CRM,NM_ESPECIALIDADE) VALUES(5,8,'Dra. Aline Almeida',234569,'Clínico Geral');
INSERT INTO T_MEDICO (ID_MEDICO,ID_HOSPITAL,NM_MEDICO,NR_CRM,NM_ESPECIALIDADE) VALUES(6,9,'Dra. Juliana Lima',678912,'Clínico Geral');
INSERT INTO T_MEDICO (ID_MEDICO,ID_HOSPITAL,NM_MEDICO,NR_CRM,NM_ESPECIALIDADE) VALUES(7,7,'Dra. Vanessa Lima',123459,'Clínico Geral');
INSERT INTO T_MEDICO (ID_MEDICO,ID_HOSPITAL,NM_MEDICO,NR_CRM,NM_ESPECIALIDADE) VALUES(8,6,'Dra. Isabela Costa',456778,'Clínico Geral');
INSERT INTO T_MEDICO (ID_MEDICO,ID_HOSPITAL,NM_MEDICO,NR_CRM,NM_ESPECIALIDADE) VALUES(9,4,'Dr. Robson Muniz',780123,'Clinico Geral');
INSERT INTO T_MEDICO (ID_MEDICO,ID_HOSPITAL,NM_MEDICO,NR_CRM,NM_ESPECIALIDADE) VALUES(10,1,'Dr. Manoel Teixeira',428769,'Clinico Geral');
INSERT INTO T_MEDICO (ID_MEDICO,ID_HOSPITAL,NM_MEDICO,NR_CRM,NM_ESPECIALIDADE) VALUES(11,1,'Dr. Roberto Oliveira',890321,'Geriatria');
INSERT INTO T_MEDICO (ID_MEDICO,ID_HOSPITAL,NM_MEDICO,NR_CRM,NM_ESPECIALIDADE) VALUES(12,3,'Dr. Ricardo Almeida',234765,'Geriatria');
INSERT INTO T_MEDICO (ID_MEDICO,ID_HOSPITAL,NM_MEDICO,NR_CRM,NM_ESPECIALIDADE) VALUES(13,5,'Dr. Eduardo Martins',678901,'Geriatria');
INSERT INTO T_MEDICO (ID_MEDICO,ID_HOSPITAL,NM_MEDICO,NR_CRM,NM_ESPECIALIDADE) VALUES(14,7,'Dr. Ana Carolina Lima',12345,'Geriatria');
INSERT INTO T_MEDICO (ID_MEDICO,ID_HOSPITAL,NM_MEDICO,NR_CRM,NM_ESPECIALIDADE) VALUES(15,10,'Dra. Carolina Rocha',456789,'Geriatria');
INSERT INTO T_MEDICO (ID_MEDICO,ID_HOSPITAL,NM_MEDICO,NR_CRM,NM_ESPECIALIDADE) VALUES(16,12,'Dra. Mariana Silva',890123,'Geriatria');
INSERT INTO T_MEDICO (ID_MEDICO,ID_HOSPITAL,NM_MEDICO,NR_CRM,NM_ESPECIALIDADE) VALUES(17,7,'Dra. Ana Paula Rocha',234567,'Geriatria');
INSERT INTO T_MEDICO (ID_MEDICO,ID_HOSPITAL,NM_MEDICO,NR_CRM,NM_ESPECIALIDADE) VALUES(18,6,'Dr. Felipe Guerra',951753,'Geriatria');
INSERT INTO T_MEDICO (ID_MEDICO,ID_HOSPITAL,NM_MEDICO,NR_CRM,NM_ESPECIALIDADE) VALUES(19,4,'Dra. Cleonice Dias',935751,'Geriatria');
INSERT INTO T_MEDICO (ID_MEDICO,ID_HOSPITAL,NM_MEDICO,NR_CRM,NM_ESPECIALIDADE) VALUES(20,1,'Dr. Wellington Silva',428628,'Geriatria');
INSERT INTO T_MEDICO (ID_MEDICO,ID_HOSPITAL,NM_MEDICO,NR_CRM,NM_ESPECIALIDADE) VALUES(21,1,'Dr. Ana Silva',567098,'Pediatria');
INSERT INTO T_MEDICO (ID_MEDICO,ID_HOSPITAL,NM_MEDICO,NR_CRM,NM_ESPECIALIDADE) VALUES(22,3,'Dra. Marcela Costa',901432,'Pediatria');
INSERT INTO T_MEDICO (ID_MEDICO,ID_HOSPITAL,NM_MEDICO,NR_CRM,NM_ESPECIALIDADE) VALUES(23,5,'Dra. Isabella Santos',345876,'Pediatria');
INSERT INTO T_MEDICO (ID_MEDICO,ID_HOSPITAL,NM_MEDICO,NR_CRM,NM_ESPECIALIDADE) VALUES(24,7,'Dra. Beatriz Oliveira',789210,'Pediatria');
INSERT INTO T_MEDICO (ID_MEDICO,ID_HOSPITAL,NM_MEDICO,NR_CRM,NM_ESPECIALIDADE) VALUES(25,11,'Dr. Rafael Santos',65123,'Pediatria');
INSERT INTO T_MEDICO (ID_MEDICO,ID_HOSPITAL,NM_MEDICO,NR_CRM,NM_ESPECIALIDADE) VALUES(26,12,'Dr. Lucas Pereira',568790,'Pediatria');
INSERT INTO T_MEDICO (ID_MEDICO,ID_HOSPITAL,NM_MEDICO,NR_CRM,NM_ESPECIALIDADE) VALUES(27,7,'Dr. Felipe Santos',902134,'Pediatria');
INSERT INTO T_MEDICO (ID_MEDICO,ID_HOSPITAL,NM_MEDICO,NR_CRM,NM_ESPECIALIDADE) VALUES(28,6,'Dr. Bruno Almeida',345687,'Pediatria');
INSERT INTO T_MEDICO (ID_MEDICO,ID_HOSPITAL,NM_MEDICO,NR_CRM,NM_ESPECIALIDADE) VALUES(29,2,'Dra. Zenilda Oliveira',357159,'Pediatria');
INSERT INTO T_MEDICO (ID_MEDICO,ID_HOSPITAL,NM_MEDICO,NR_CRM,NM_ESPECIALIDADE) VALUES(30,1,'Dr. Leonel Mattos',328128,'Pediatria');
INSERT INTO T_MEDICO (ID_MEDICO,ID_HOSPITAL,NM_MEDICO,NR_CRM,NM_ESPECIALIDADE) VALUES(31,1,'Dra. Fernanda Lima',789021,'Pneumologia');
INSERT INTO T_MEDICO (ID_MEDICO,ID_HOSPITAL,NM_MEDICO,NR_CRM,NM_ESPECIALIDADE) VALUES(32,4,'Dra. Camila Rocha',432698,'Pneumologia');
INSERT INTO T_MEDICO (ID_MEDICO,ID_HOSPITAL,NM_MEDICO,NR_CRM,NM_ESPECIALIDADE) VALUES(33,7,'Dra. Juliana Costa',567890,'Pneumologia');
INSERT INTO T_MEDICO (ID_MEDICO,ID_HOSPITAL,NM_MEDICO,NR_CRM,NM_ESPECIALIDADE) VALUES(34,10,'Dra. Vanessa Silva',901234,'Pneumologia');
INSERT INTO T_MEDICO (ID_MEDICO,ID_HOSPITAL,NM_MEDICO,NR_CRM,NM_ESPECIALIDADE) VALUES(35,9,'Dr. Gustavo Costa',345678,'Pneumologia');
INSERT INTO T_MEDICO (ID_MEDICO,ID_HOSPITAL,NM_MEDICO,NR_CRM,NM_ESPECIALIDADE) VALUES(36,6,'Dr. Pedro Oliveira',789012,'Pneumologia');
INSERT INTO T_MEDICO (ID_MEDICO,ID_HOSPITAL,NM_MEDICO,NR_CRM,NM_ESPECIALIDADE) VALUES(37,7,'Dr. Thiago Costa',123456,'Pneumologia');
INSERT INTO T_MEDICO (ID_MEDICO,ID_HOSPITAL,NM_MEDICO,NR_CRM,NM_ESPECIALIDADE) VALUES(38,6,'Dr. Eleno Vieira',754756,'Pneumologia');
INSERT INTO T_MEDICO (ID_MEDICO,ID_HOSPITAL,NM_MEDICO,NR_CRM,NM_ESPECIALIDADE) VALUES(39,2,'Dr. Willian Souza',785985,'Pneumologia');
INSERT INTO T_MEDICO (ID_MEDICO,ID_HOSPITAL,NM_MEDICO,NR_CRM,NM_ESPECIALIDADE) VALUES(40,1,'Dr. Pedro Cunha',125369,'Pneumologia');


--POPULANDO DADOS NA TABELA T_CID

INSERT INTO T_CID (ID_CID,NM_DESCRICAO_CID) VALUES(1,'Gripe Infantil');
INSERT INTO T_CID (ID_CID,NM_DESCRICAO_CID) VALUES(9,'Gastroenterite e Colite Não Especificada');
INSERT INTO T_CID (ID_CID,NM_DESCRICAO_CID) VALUES(10,'Infecção Gastrointestinal');
INSERT INTO T_CID (ID_CID,NM_DESCRICAO_CID) VALUES(11,'Febre Tifoide');
INSERT INTO T_CID (ID_CID,NM_DESCRICAO_CID) VALUES(22,'Salmonelose Alimentar');
INSERT INTO T_CID (ID_CID,NM_DESCRICAO_CID) VALUES(39,'Diarreia Infecciosa');
INSERT INTO T_CID (ID_CID,NM_DESCRICAO_CID) VALUES(50,'Artrite Reumatoide com Início Agudo');
INSERT INTO T_CID (ID_CID,NM_DESCRICAO_CID) VALUES(51,'Botulismo Alimentar');
INSERT INTO T_CID (ID_CID,NM_DESCRICAO_CID) VALUES(90,'Gastroenterite Aguda');
INSERT INTO T_CID (ID_CID,NM_DESCRICAO_CID) VALUES(99,'Gastroenterite e Colite Não Especificada');
INSERT INTO T_CID (ID_CID,NM_DESCRICAO_CID) VALUES(100,'Dor Abdominal Localizada');
INSERT INTO T_CID (ID_CID,NM_DESCRICAO_CID) VALUES(102,'Dor Abdominal Localizada');
INSERT INTO T_CID (ID_CID,NM_DESCRICAO_CID) VALUES(104,'Dor Abdominal');
INSERT INTO T_CID (ID_CID,NM_DESCRICAO_CID) VALUES(105,'Dor Abdominal Aguda');
INSERT INTO T_CID (ID_CID,NM_DESCRICAO_CID) VALUES(106,'Dor Abdominal D');
INSERT INTO T_CID (ID_CID,NM_DESCRICAO_CID) VALUES(107,'Dor Abdominal Difusa');
INSERT INTO T_CID (ID_CID,NM_DESCRICAO_CID) VALUES(109,'Dor Abdominal Não Especificada');
INSERT INTO T_CID (ID_CID,NM_DESCRICAO_CID) VALUES(150,'Tuberculose Respiratória Confirmada Bacteriologicamente');
INSERT INTO T_CID (ID_CID,NM_DESCRICAO_CID) VALUES(160,'Tuberculose Respiratória Confirmada Histologicamente');
INSERT INTO T_CID (ID_CID,NM_DESCRICAO_CID) VALUES(162,'Coxartrose');
INSERT INTO T_CID (ID_CID,NM_DESCRICAO_CID) VALUES(179,'Artrose Generalizada');
INSERT INTO T_CID (ID_CID,NM_DESCRICAO_CID) VALUES(180,'Artrose Primária Generalizada');
INSERT INTO T_CID (ID_CID,NM_DESCRICAO_CID) VALUES(189,'Artrose da Coluna Não Especificada');
INSERT INTO T_CID (ID_CID,NM_DESCRICAO_CID) VALUES(199,'Artrose Não Especificada');
INSERT INTO T_CID (ID_CID,NM_DESCRICAO_CID) VALUES(439,'Doença Pulmonar Intersticial Não Especificada');
INSERT INTO T_CID (ID_CID,NM_DESCRICAO_CID) VALUES(440,'Doença Pulmonar Obstrutiva Crônica com Infecção Aguda das Vias Aéreas Inferiores');
INSERT INTO T_CID (ID_CID,NM_DESCRICAO_CID) VALUES(441,'Doença Pulmonar Obstrutiva Crônica com Exacerbação Aguda');
INSERT INTO T_CID (ID_CID,NM_DESCRICAO_CID) VALUES(450,'Asma');
INSERT INTO T_CID (ID_CID,NM_DESCRICAO_CID) VALUES(451,'Asma Brônquica');
INSERT INTO T_CID (ID_CID,NM_DESCRICAO_CID) VALUES(453,'Doença Pulmonar Obstrutiva Crônica com Infecção Aguda das Vias Aéreas Inferiores');
INSERT INTO T_CID (ID_CID,NM_DESCRICAO_CID) VALUES(454,'Doença Pulmonar Obstrutiva Crônica com Infecção Aguda das Vias Aéreas Superiores');
INSERT INTO T_CID (ID_CID,NM_DESCRICAO_CID) VALUES(458,'Asma Não Especificada');
INSERT INTO T_CID (ID_CID,NM_DESCRICAO_CID) VALUES(459,'Asma Não Especificada');
INSERT INTO T_CID (ID_CID,NM_DESCRICAO_CID) VALUES(1010,'Dor Abdominal Inferior Não Especificada');
INSERT INTO T_CID (ID_CID,NM_DESCRICAO_CID) VALUES(1011,'Dor Abdominal de Origem Ginecológica');
INSERT INTO T_CID (ID_CID,NM_DESCRICAO_CID) VALUES(1084,'Dor Abdominal Inferior');


--POPULANDO DADOS NA TABELA T_PRECRICAO

INSERT INTO T_PRESCRICAO (ID_PRESCRICAO,ID_MEDICO,TP_TRATAMENTO,TP_RETORNO,NM_DIAS_RETORNO) VALUES(1,1,'Medicação aplicada/receitada','Agendar retorno em 30 dias',30);
INSERT INTO T_PRESCRICAO (ID_PRESCRICAO,ID_MEDICO,TP_TRATAMENTO,TP_RETORNO,NM_DIAS_RETORNO) VALUES(2,2,'Medicação aplicada/receitada','Agendar retorno em 30 dias',30);
INSERT INTO T_PRESCRICAO (ID_PRESCRICAO,ID_MEDICO,TP_TRATAMENTO,TP_RETORNO,NM_DIAS_RETORNO) VALUES(3,3,'Medicação aplicada/receitada','Agendar retorno em 45 dias',45);
INSERT INTO T_PRESCRICAO (ID_PRESCRICAO,ID_MEDICO,TP_TRATAMENTO,TP_RETORNO,NM_DIAS_RETORNO) VALUES(4,4,' Consulta de acompanhamento ','Agendar retorno em 60 dias',60);
INSERT INTO T_PRESCRICAO (ID_PRESCRICAO,ID_MEDICO,TP_TRATAMENTO,TP_RETORNO,NM_DIAS_RETORNO) VALUES(5,5,'Medicação aplicada/receitada','Agendar retorno em 30 dias',30);
INSERT INTO T_PRESCRICAO (ID_PRESCRICAO,ID_MEDICO,TP_TRATAMENTO,TP_RETORNO,NM_DIAS_RETORNO) VALUES(6,6,'Medicação aplicada/receitada','Agendar retorno em 60 dias',60);
INSERT INTO T_PRESCRICAO (ID_PRESCRICAO,ID_MEDICO,TP_TRATAMENTO,TP_RETORNO,NM_DIAS_RETORNO) VALUES(7,7,' Consulta de acompanhamento ','Agendar retorno em 60 dias',60);
INSERT INTO T_PRESCRICAO (ID_PRESCRICAO,ID_MEDICO,TP_TRATAMENTO,TP_RETORNO,NM_DIAS_RETORNO) VALUES(8,8,'Medicação aplicada/receitada','Agendar retorno em 30 dias',30);
INSERT INTO T_PRESCRICAO (ID_PRESCRICAO,ID_MEDICO,TP_TRATAMENTO,TP_RETORNO,NM_DIAS_RETORNO) VALUES(9,9,'Medicação aplicada/receitada','Agendar retorno em 30 dias',30);
INSERT INTO T_PRESCRICAO (ID_PRESCRICAO,ID_MEDICO,TP_TRATAMENTO,TP_RETORNO,NM_DIAS_RETORNO) VALUES(10,10,'Medicação aplicada/receitada','Agendar retorno em 30 dias',30);
INSERT INTO T_PRESCRICAO (ID_PRESCRICAO,ID_MEDICO,TP_TRATAMENTO,TP_RETORNO,NM_DIAS_RETORNO) VALUES(11,1,'Medicação aplicada/receitada','Agendar retorno em 45 dias',45);
INSERT INTO T_PRESCRICAO (ID_PRESCRICAO,ID_MEDICO,TP_TRATAMENTO,TP_RETORNO,NM_DIAS_RETORNO) VALUES(12,2,' Consulta de acompanhamento ','Agendar retorno em 60 dias',60);
INSERT INTO T_PRESCRICAO (ID_PRESCRICAO,ID_MEDICO,TP_TRATAMENTO,TP_RETORNO,NM_DIAS_RETORNO) VALUES(13,3,'Medicação aplicada/receitada','Agendar retorno em 30 dias',30);
INSERT INTO T_PRESCRICAO (ID_PRESCRICAO,ID_MEDICO,TP_TRATAMENTO,TP_RETORNO,NM_DIAS_RETORNO) VALUES(14,4,'Medicação aplicada/receitada','Agendar retorno em 60 dias',60);
INSERT INTO T_PRESCRICAO (ID_PRESCRICAO,ID_MEDICO,TP_TRATAMENTO,TP_RETORNO,NM_DIAS_RETORNO) VALUES(15,5,' Consulta de acompanhamento ','Agendar retorno em 60 dias',60);
INSERT INTO T_PRESCRICAO (ID_PRESCRICAO,ID_MEDICO,TP_TRATAMENTO,TP_RETORNO,NM_DIAS_RETORNO) VALUES(16,6,'Medicação aplicada/receitada','Agendar retorno em 30 dias',30);
INSERT INTO T_PRESCRICAO (ID_PRESCRICAO,ID_MEDICO,TP_TRATAMENTO,TP_RETORNO,NM_DIAS_RETORNO) VALUES(17,7,'Medicação aplicada/receitada','Agendar retorno em 30 dias',30);
INSERT INTO T_PRESCRICAO (ID_PRESCRICAO,ID_MEDICO,TP_TRATAMENTO,TP_RETORNO,NM_DIAS_RETORNO) VALUES(18,8,'Medicação aplicada/receitada','Agendar retorno em 30 dias',30);
INSERT INTO T_PRESCRICAO (ID_PRESCRICAO,ID_MEDICO,TP_TRATAMENTO,TP_RETORNO,NM_DIAS_RETORNO) VALUES(19,9,'Medicação aplicada/receitada','Agendar retorno em 45 dias',45);
INSERT INTO T_PRESCRICAO (ID_PRESCRICAO,ID_MEDICO,TP_TRATAMENTO,TP_RETORNO,NM_DIAS_RETORNO) VALUES(20,10,' Consulta de acompanhamento ','Agendar retorno em 60 dias',60);
INSERT INTO T_PRESCRICAO (ID_PRESCRICAO,ID_MEDICO,TP_TRATAMENTO,TP_RETORNO,NM_DIAS_RETORNO) VALUES(21,1,'Medicação aplicada/receitada','Agendar retorno em 30 dias',30);
INSERT INTO T_PRESCRICAO (ID_PRESCRICAO,ID_MEDICO,TP_TRATAMENTO,TP_RETORNO,NM_DIAS_RETORNO) VALUES(22,2,' Consulta de acompanhamento ','Agendar retorno em 60 dias',60);
INSERT INTO T_PRESCRICAO (ID_PRESCRICAO,ID_MEDICO,TP_TRATAMENTO,TP_RETORNO,NM_DIAS_RETORNO) VALUES(23,3,'Medicação aplicada/receitada','Agendar retorno em 30 dias',30);
INSERT INTO T_PRESCRICAO (ID_PRESCRICAO,ID_MEDICO,TP_TRATAMENTO,TP_RETORNO,NM_DIAS_RETORNO) VALUES(24,4,' Consulta de acompanhamento ','Agendar retorno em 60 dias',60);
INSERT INTO T_PRESCRICAO (ID_PRESCRICAO,ID_MEDICO,TP_TRATAMENTO,TP_RETORNO,NM_DIAS_RETORNO) VALUES(25,5,'Medicação aplicada/receitada','Agendar retorno em 30 dias',30);
INSERT INTO T_PRESCRICAO (ID_PRESCRICAO,ID_MEDICO,TP_TRATAMENTO,TP_RETORNO,NM_DIAS_RETORNO) VALUES(26,6,'Medicação aplicada/receitada','Agendar retorno em 30 dias',30);
INSERT INTO T_PRESCRICAO (ID_PRESCRICAO,ID_MEDICO,TP_TRATAMENTO,TP_RETORNO,NM_DIAS_RETORNO) VALUES(27,7,'Medicação aplicada/receitada','Agendar retorno em 45 dias',45);
INSERT INTO T_PRESCRICAO (ID_PRESCRICAO,ID_MEDICO,TP_TRATAMENTO,TP_RETORNO,NM_DIAS_RETORNO) VALUES(28,8,' Consulta de acompanhamento ','Agendar retorno em 60 dias',60);
INSERT INTO T_PRESCRICAO (ID_PRESCRICAO,ID_MEDICO,TP_TRATAMENTO,TP_RETORNO,NM_DIAS_RETORNO) VALUES(29,9,'Medicação aplicada/receitada','Agendar retorno em 30 dias',30);
INSERT INTO T_PRESCRICAO (ID_PRESCRICAO,ID_MEDICO,TP_TRATAMENTO,TP_RETORNO,NM_DIAS_RETORNO) VALUES(30,10,'Medicação aplicada/receitada','Agendar retorno em 60 dias',60);
INSERT INTO T_PRESCRICAO (ID_PRESCRICAO,ID_MEDICO,TP_TRATAMENTO,TP_RETORNO,NM_DIAS_RETORNO) VALUES(31,1,' Consulta de acompanhamento ','Agendar retorno em 60 dias',60);
INSERT INTO T_PRESCRICAO (ID_PRESCRICAO,ID_MEDICO,TP_TRATAMENTO,TP_RETORNO,NM_DIAS_RETORNO) VALUES(32,2,' Consulta de acompanhamento ','Agendar retorno em 60 dias',60);
INSERT INTO T_PRESCRICAO (ID_PRESCRICAO,ID_MEDICO,TP_TRATAMENTO,TP_RETORNO,NM_DIAS_RETORNO) VALUES(33,3,'Medicação aplicada/receitada','Agendar retorno em 30 dias',30);
INSERT INTO T_PRESCRICAO (ID_PRESCRICAO,ID_MEDICO,TP_TRATAMENTO,TP_RETORNO,NM_DIAS_RETORNO) VALUES(34,4,'Medicação aplicada/receitada','Agendar retorno em 30 dias',30);
INSERT INTO T_PRESCRICAO (ID_PRESCRICAO,ID_MEDICO,TP_TRATAMENTO,TP_RETORNO,NM_DIAS_RETORNO) VALUES(35,5,'Medicação aplicada/receitada','Agendar retorno em 45 dias',45);
INSERT INTO T_PRESCRICAO (ID_PRESCRICAO,ID_MEDICO,TP_TRATAMENTO,TP_RETORNO,NM_DIAS_RETORNO) VALUES(36,6,' Consulta de acompanhamento ','Agendar retorno em 60 dias',60);
INSERT INTO T_PRESCRICAO (ID_PRESCRICAO,ID_MEDICO,TP_TRATAMENTO,TP_RETORNO,NM_DIAS_RETORNO) VALUES(37,7,'Medicação aplicada/receitada','Agendar retorno em 30 dias',30);
INSERT INTO T_PRESCRICAO (ID_PRESCRICAO,ID_MEDICO,TP_TRATAMENTO,TP_RETORNO,NM_DIAS_RETORNO) VALUES(38,8,'Medicação aplicada/receitada','Agendar retorno em 60 dias',60);
INSERT INTO T_PRESCRICAO (ID_PRESCRICAO,ID_MEDICO,TP_TRATAMENTO,TP_RETORNO,NM_DIAS_RETORNO) VALUES(39,9,' Consulta de acompanhamento ','Agendar retorno em 60 dias',60);
INSERT INTO T_PRESCRICAO (ID_PRESCRICAO,ID_MEDICO,TP_TRATAMENTO,TP_RETORNO,NM_DIAS_RETORNO) VALUES(40,10,'Medicação aplicada/receitada','Agendar retorno em 30 dias',30);
INSERT INTO T_PRESCRICAO (ID_PRESCRICAO,ID_MEDICO,TP_TRATAMENTO,TP_RETORNO,NM_DIAS_RETORNO) VALUES(41,11,'Medicação aplicada/receitada','Agendar retorno em 45 dias',45);
INSERT INTO T_PRESCRICAO (ID_PRESCRICAO,ID_MEDICO,TP_TRATAMENTO,TP_RETORNO,NM_DIAS_RETORNO) VALUES(42,12,'Medicação aplicada/receitada','Agendar retorno em 60 dias',60);
INSERT INTO T_PRESCRICAO (ID_PRESCRICAO,ID_MEDICO,TP_TRATAMENTO,TP_RETORNO,NM_DIAS_RETORNO) VALUES(43,13,'Medicação aplicada/receitada','Agendar retorno em 30 dias',30);
INSERT INTO T_PRESCRICAO (ID_PRESCRICAO,ID_MEDICO,TP_TRATAMENTO,TP_RETORNO,NM_DIAS_RETORNO) VALUES(44,14,'Medicação aplicada/receitada','Agendar retorno em 60 dias',60);
INSERT INTO T_PRESCRICAO (ID_PRESCRICAO,ID_MEDICO,TP_TRATAMENTO,TP_RETORNO,NM_DIAS_RETORNO) VALUES(45,15,' Consulta de acompanhamento ','Agendar retorno em 60 dias',60);
INSERT INTO T_PRESCRICAO (ID_PRESCRICAO,ID_MEDICO,TP_TRATAMENTO,TP_RETORNO,NM_DIAS_RETORNO) VALUES(46,16,'Medicação aplicada/receitada','Agendar retorno em 45 dias',45);
INSERT INTO T_PRESCRICAO (ID_PRESCRICAO,ID_MEDICO,TP_TRATAMENTO,TP_RETORNO,NM_DIAS_RETORNO) VALUES(47,17,'Medicação aplicada/receitada','Agendar retorno em 15 dias',15);
INSERT INTO T_PRESCRICAO (ID_PRESCRICAO,ID_MEDICO,TP_TRATAMENTO,TP_RETORNO,NM_DIAS_RETORNO) VALUES(48,18,'Medicação aplicada/receitada','Agendar retorno em 45 dias',45);
INSERT INTO T_PRESCRICAO (ID_PRESCRICAO,ID_MEDICO,TP_TRATAMENTO,TP_RETORNO,NM_DIAS_RETORNO) VALUES(49,19,'Medicação aplicada/receitada','Agendar retorno em 60 dias',60);
INSERT INTO T_PRESCRICAO (ID_PRESCRICAO,ID_MEDICO,TP_TRATAMENTO,TP_RETORNO,NM_DIAS_RETORNO) VALUES(50,20,'Medicação aplicada/receitada','Agendar retorno em 30 dias',30);
INSERT INTO T_PRESCRICAO (ID_PRESCRICAO,ID_MEDICO,TP_TRATAMENTO,TP_RETORNO,NM_DIAS_RETORNO) VALUES(51,11,'Medicação aplicada/receitada','Agendar retorno em 60 dias',60);
INSERT INTO T_PRESCRICAO (ID_PRESCRICAO,ID_MEDICO,TP_TRATAMENTO,TP_RETORNO,NM_DIAS_RETORNO) VALUES(52,12,' Consulta de acompanhamento ','Agendar retorno em 60 dias',60);
INSERT INTO T_PRESCRICAO (ID_PRESCRICAO,ID_MEDICO,TP_TRATAMENTO,TP_RETORNO,NM_DIAS_RETORNO) VALUES(53,13,'Medicação aplicada/receitada','Agendar retorno em 45 dias',45);
INSERT INTO T_PRESCRICAO (ID_PRESCRICAO,ID_MEDICO,TP_TRATAMENTO,TP_RETORNO,NM_DIAS_RETORNO) VALUES(54,14,'Medicação aplicada/receitada','Agendar retorno em 15 dias',15);
INSERT INTO T_PRESCRICAO (ID_PRESCRICAO,ID_MEDICO,TP_TRATAMENTO,TP_RETORNO,NM_DIAS_RETORNO) VALUES(55,15,'Medicação aplicada/receitada','Agendar retorno em 45 dias',45);
INSERT INTO T_PRESCRICAO (ID_PRESCRICAO,ID_MEDICO,TP_TRATAMENTO,TP_RETORNO,NM_DIAS_RETORNO) VALUES(56,16,'Medicação aplicada/receitada','Agendar retorno em 60 dias',60);
INSERT INTO T_PRESCRICAO (ID_PRESCRICAO,ID_MEDICO,TP_TRATAMENTO,TP_RETORNO,NM_DIAS_RETORNO) VALUES(57,17,'Medicação aplicada/receitada','Agendar retorno em 30 dias',30);
INSERT INTO T_PRESCRICAO (ID_PRESCRICAO,ID_MEDICO,TP_TRATAMENTO,TP_RETORNO,NM_DIAS_RETORNO) VALUES(58,18,'Medicação aplicada/receitada','Agendar retorno em 60 dias',60);
INSERT INTO T_PRESCRICAO (ID_PRESCRICAO,ID_MEDICO,TP_TRATAMENTO,TP_RETORNO,NM_DIAS_RETORNO) VALUES(59,19,' Consulta de acompanhamento ','Agendar retorno em 60 dias',60);
INSERT INTO T_PRESCRICAO (ID_PRESCRICAO,ID_MEDICO,TP_TRATAMENTO,TP_RETORNO,NM_DIAS_RETORNO) VALUES(60,20,'Medicação aplicada/receitada','Agendar retorno em 15 dias',15);
INSERT INTO T_PRESCRICAO (ID_PRESCRICAO,ID_MEDICO,TP_TRATAMENTO,TP_RETORNO,NM_DIAS_RETORNO) VALUES(61,11,' Consulta de acompanhamento ','Agendar retorno em 60 dias',60);
INSERT INTO T_PRESCRICAO (ID_PRESCRICAO,ID_MEDICO,TP_TRATAMENTO,TP_RETORNO,NM_DIAS_RETORNO) VALUES(62,12,'Medicação aplicada/receitada','Agendar retorno em 45 dias',45);
INSERT INTO T_PRESCRICAO (ID_PRESCRICAO,ID_MEDICO,TP_TRATAMENTO,TP_RETORNO,NM_DIAS_RETORNO) VALUES(63,13,'Medicação aplicada/receitada','Agendar retorno em 60 dias',60);
INSERT INTO T_PRESCRICAO (ID_PRESCRICAO,ID_MEDICO,TP_TRATAMENTO,TP_RETORNO,NM_DIAS_RETORNO) VALUES(64,14,'Medicação aplicada/receitada','Agendar retorno em 30 dias',30);
INSERT INTO T_PRESCRICAO (ID_PRESCRICAO,ID_MEDICO,TP_TRATAMENTO,TP_RETORNO,NM_DIAS_RETORNO) VALUES(65,15,'Medicação aplicada/receitada','Agendar retorno em 60 dias',60);
INSERT INTO T_PRESCRICAO (ID_PRESCRICAO,ID_MEDICO,TP_TRATAMENTO,TP_RETORNO,NM_DIAS_RETORNO) VALUES(66,16,' Consulta de acompanhamento ','Agendar retorno em 60 dias',60);
INSERT INTO T_PRESCRICAO (ID_PRESCRICAO,ID_MEDICO,TP_TRATAMENTO,TP_RETORNO,NM_DIAS_RETORNO) VALUES(67,17,'Medicação aplicada/receitada','Agendar retorno em 45 dias',45);
INSERT INTO T_PRESCRICAO (ID_PRESCRICAO,ID_MEDICO,TP_TRATAMENTO,TP_RETORNO,NM_DIAS_RETORNO) VALUES(68,18,'Medicação aplicada/receitada','Agendar retorno em 15 dias',15);
INSERT INTO T_PRESCRICAO (ID_PRESCRICAO,ID_MEDICO,TP_TRATAMENTO,TP_RETORNO,NM_DIAS_RETORNO) VALUES(69,19,'Medicação aplicada/receitada','Agendar retorno em 45 dias',45);
INSERT INTO T_PRESCRICAO (ID_PRESCRICAO,ID_MEDICO,TP_TRATAMENTO,TP_RETORNO,NM_DIAS_RETORNO) VALUES(70,20,'Medicação aplicada/receitada','Agendar retorno em 60 dias',60);
INSERT INTO T_PRESCRICAO (ID_PRESCRICAO,ID_MEDICO,TP_TRATAMENTO,TP_RETORNO,NM_DIAS_RETORNO) VALUES(71,11,'Medicação aplicada/receitada','Agendar retorno em 30 dias',30);
INSERT INTO T_PRESCRICAO (ID_PRESCRICAO,ID_MEDICO,TP_TRATAMENTO,TP_RETORNO,NM_DIAS_RETORNO) VALUES(72,12,'Medicação aplicada/receitada','Agendar retorno em 60 dias',60);
INSERT INTO T_PRESCRICAO (ID_PRESCRICAO,ID_MEDICO,TP_TRATAMENTO,TP_RETORNO,NM_DIAS_RETORNO) VALUES(73,13,' Consulta de acompanhamento ','Agendar retorno em 60 dias',60);
INSERT INTO T_PRESCRICAO (ID_PRESCRICAO,ID_MEDICO,TP_TRATAMENTO,TP_RETORNO,NM_DIAS_RETORNO) VALUES(74,14,'Medicação aplicada/receitada','Agendar retorno em 45 dias',45);
INSERT INTO T_PRESCRICAO (ID_PRESCRICAO,ID_MEDICO,TP_TRATAMENTO,TP_RETORNO,NM_DIAS_RETORNO) VALUES(75,15,'Medicação aplicada/receitada','Agendar retorno em 15 dias',15);
INSERT INTO T_PRESCRICAO (ID_PRESCRICAO,ID_MEDICO,TP_TRATAMENTO,TP_RETORNO,NM_DIAS_RETORNO) VALUES(76,21,'Medicação aplicada/receitada','Agendar retorno em 15 dias',15);
INSERT INTO T_PRESCRICAO (ID_PRESCRICAO,ID_MEDICO,TP_TRATAMENTO,TP_RETORNO,NM_DIAS_RETORNO) VALUES(77,22,' Consulta de acompanhamento ','Agendar retorno em 90 dias',90);
INSERT INTO T_PRESCRICAO (ID_PRESCRICAO,ID_MEDICO,TP_TRATAMENTO,TP_RETORNO,NM_DIAS_RETORNO) VALUES(78,23,'Medicação aplicada/receitada','Agendar retorno em 15 dias',15);
INSERT INTO T_PRESCRICAO (ID_PRESCRICAO,ID_MEDICO,TP_TRATAMENTO,TP_RETORNO,NM_DIAS_RETORNO) VALUES(79,24,'Medicação aplicada/receitada','Agendar retorno em 15 dias',15);
INSERT INTO T_PRESCRICAO (ID_PRESCRICAO,ID_MEDICO,TP_TRATAMENTO,TP_RETORNO,NM_DIAS_RETORNO) VALUES(80,25,' Consulta de acompanhamento ','Agendar retorno em 90 dias',90);
INSERT INTO T_PRESCRICAO (ID_PRESCRICAO,ID_MEDICO,TP_TRATAMENTO,TP_RETORNO,NM_DIAS_RETORNO) VALUES(81,26,'Medicação aplicada/receitada','Agendar retorno em 15 dias',15);
INSERT INTO T_PRESCRICAO (ID_PRESCRICAO,ID_MEDICO,TP_TRATAMENTO,TP_RETORNO,NM_DIAS_RETORNO) VALUES(82,27,'Medicação aplicada/receitada','Agendar retorno em 30 dias',30);
INSERT INTO T_PRESCRICAO (ID_PRESCRICAO,ID_MEDICO,TP_TRATAMENTO,TP_RETORNO,NM_DIAS_RETORNO) VALUES(83,28,' Consulta de acompanhamento ','Agendar retorno em 90 dias',90);
INSERT INTO T_PRESCRICAO (ID_PRESCRICAO,ID_MEDICO,TP_TRATAMENTO,TP_RETORNO,NM_DIAS_RETORNO) VALUES(84,29,'Medicação aplicada/receitada','Agendar retorno em 15 dias',15);
INSERT INTO T_PRESCRICAO (ID_PRESCRICAO,ID_MEDICO,TP_TRATAMENTO,TP_RETORNO,NM_DIAS_RETORNO) VALUES(85,30,' Consulta de acompanhamento ','Agendar retorno em 90 dias',90);
INSERT INTO T_PRESCRICAO (ID_PRESCRICAO,ID_MEDICO,TP_TRATAMENTO,TP_RETORNO,NM_DIAS_RETORNO) VALUES(86,21,'Medicação aplicada/receitada','Agendar retorno em 15 dias',15);
INSERT INTO T_PRESCRICAO (ID_PRESCRICAO,ID_MEDICO,TP_TRATAMENTO,TP_RETORNO,NM_DIAS_RETORNO) VALUES(87,22,'Medicação aplicada/receitada','Agendar retorno em 15 dias',15);
INSERT INTO T_PRESCRICAO (ID_PRESCRICAO,ID_MEDICO,TP_TRATAMENTO,TP_RETORNO,NM_DIAS_RETORNO) VALUES(88,23,' Consulta de acompanhamento ','Agendar retorno em 90 dias',90);
INSERT INTO T_PRESCRICAO (ID_PRESCRICAO,ID_MEDICO,TP_TRATAMENTO,TP_RETORNO,NM_DIAS_RETORNO) VALUES(89,24,'Medicação aplicada/receitada','Agendar retorno em 15 dias',15);
INSERT INTO T_PRESCRICAO (ID_PRESCRICAO,ID_MEDICO,TP_TRATAMENTO,TP_RETORNO,NM_DIAS_RETORNO) VALUES(90,25,'Medicação aplicada/receitada','Agendar retorno em 30 dias',30);
INSERT INTO T_PRESCRICAO (ID_PRESCRICAO,ID_MEDICO,TP_TRATAMENTO,TP_RETORNO,NM_DIAS_RETORNO) VALUES(91,26,' Consulta de acompanhamento ','Agendar retorno em 90 dias',90);
INSERT INTO T_PRESCRICAO (ID_PRESCRICAO,ID_MEDICO,TP_TRATAMENTO,TP_RETORNO,NM_DIAS_RETORNO) VALUES(92,27,'Medicação aplicada/receitada','Agendar retorno em 15 dias',15);
INSERT INTO T_PRESCRICAO (ID_PRESCRICAO,ID_MEDICO,TP_TRATAMENTO,TP_RETORNO,NM_DIAS_RETORNO) VALUES(93,28,' Consulta de acompanhamento ','Agendar retorno em 90 dias',90);
INSERT INTO T_PRESCRICAO (ID_PRESCRICAO,ID_MEDICO,TP_TRATAMENTO,TP_RETORNO,NM_DIAS_RETORNO) VALUES(94,29,'Medicação aplicada/receitada','Agendar retorno em 15 dias',15);
INSERT INTO T_PRESCRICAO (ID_PRESCRICAO,ID_MEDICO,TP_TRATAMENTO,TP_RETORNO,NM_DIAS_RETORNO) VALUES(95,30,'Medicação aplicada/receitada','Agendar retorno em 15 dias',15);
INSERT INTO T_PRESCRICAO (ID_PRESCRICAO,ID_MEDICO,TP_TRATAMENTO,TP_RETORNO,NM_DIAS_RETORNO) VALUES(96,21,' Consulta de acompanhamento ','Agendar retorno em 90 dias',90);
INSERT INTO T_PRESCRICAO (ID_PRESCRICAO,ID_MEDICO,TP_TRATAMENTO,TP_RETORNO,NM_DIAS_RETORNO) VALUES(97,22,'Medicação aplicada/receitada','Agendar retorno em 15 dias',15);
INSERT INTO T_PRESCRICAO (ID_PRESCRICAO,ID_MEDICO,TP_TRATAMENTO,TP_RETORNO,NM_DIAS_RETORNO) VALUES(98,23,' Consulta de acompanhamento ','Agendar retorno em 90 dias',90);
INSERT INTO T_PRESCRICAO (ID_PRESCRICAO,ID_MEDICO,TP_TRATAMENTO,TP_RETORNO,NM_DIAS_RETORNO) VALUES(99,24,'Medicação aplicada/receitada','Agendar retorno em 15 dias',15);
INSERT INTO T_PRESCRICAO (ID_PRESCRICAO,ID_MEDICO,TP_TRATAMENTO,TP_RETORNO,NM_DIAS_RETORNO) VALUES(100,25,'Medicação aplicada/receitada','Agendar retorno em 15 dias',15);
INSERT INTO T_PRESCRICAO (ID_PRESCRICAO,ID_MEDICO,TP_TRATAMENTO,TP_RETORNO,NM_DIAS_RETORNO) VALUES(101,26,' Consulta de acompanhamento ','Agendar retorno em 90 dias',90);
INSERT INTO T_PRESCRICAO (ID_PRESCRICAO,ID_MEDICO,TP_TRATAMENTO,TP_RETORNO,NM_DIAS_RETORNO) VALUES(102,27,'Medicação aplicada/receitada','Agendar retorno em 15 dias',15);
INSERT INTO T_PRESCRICAO (ID_PRESCRICAO,ID_MEDICO,TP_TRATAMENTO,TP_RETORNO,NM_DIAS_RETORNO) VALUES(103,28,'Medicação aplicada/receitada','Agendar retorno em 15 dias',15);
INSERT INTO T_PRESCRICAO (ID_PRESCRICAO,ID_MEDICO,TP_TRATAMENTO,TP_RETORNO,NM_DIAS_RETORNO) VALUES(104,29,' Consulta de acompanhamento ','Agendar retorno em 90 dias',90);
INSERT INTO T_PRESCRICAO (ID_PRESCRICAO,ID_MEDICO,TP_TRATAMENTO,TP_RETORNO,NM_DIAS_RETORNO) VALUES(105,30,'Medicação aplicada/receitada','Agendar retorno em 15 dias',15);
INSERT INTO T_PRESCRICAO (ID_PRESCRICAO,ID_MEDICO,TP_TRATAMENTO,TP_RETORNO,NM_DIAS_RETORNO) VALUES(106,21,'Medicação aplicada/receitada','Agendar retorno em 30 dias',30);
INSERT INTO T_PRESCRICAO (ID_PRESCRICAO,ID_MEDICO,TP_TRATAMENTO,TP_RETORNO,NM_DIAS_RETORNO) VALUES(107,22,' Consulta de acompanhamento ','Agendar retorno em 90 dias',90);
INSERT INTO T_PRESCRICAO (ID_PRESCRICAO,ID_MEDICO,TP_TRATAMENTO,TP_RETORNO,NM_DIAS_RETORNO) VALUES(108,23,'Medicação aplicada/receitada','Agendar retorno em 15 dias',15);
INSERT INTO T_PRESCRICAO (ID_PRESCRICAO,ID_MEDICO,TP_TRATAMENTO,TP_RETORNO,NM_DIAS_RETORNO) VALUES(109,24,' Consulta de acompanhamento ','Agendar retorno em 90 dias',90);
INSERT INTO T_PRESCRICAO (ID_PRESCRICAO,ID_MEDICO,TP_TRATAMENTO,TP_RETORNO,NM_DIAS_RETORNO) VALUES(110,25,'Medicação aplicada/receitada','Agendar retorno em 15 dias',15);
INSERT INTO T_PRESCRICAO (ID_PRESCRICAO,ID_MEDICO,TP_TRATAMENTO,TP_RETORNO,NM_DIAS_RETORNO) VALUES(111,26,'Medicação aplicada/receitada','Agendar retorno em 15 dias',15);
INSERT INTO T_PRESCRICAO (ID_PRESCRICAO,ID_MEDICO,TP_TRATAMENTO,TP_RETORNO,NM_DIAS_RETORNO) VALUES(112,27,' Consulta de acompanhamento ','Agendar retorno em 90 dias',90);
INSERT INTO T_PRESCRICAO (ID_PRESCRICAO,ID_MEDICO,TP_TRATAMENTO,TP_RETORNO,NM_DIAS_RETORNO) VALUES(113,28,'Medicação aplicada/receitada','Agendar retorno em 15 dias',15);
INSERT INTO T_PRESCRICAO (ID_PRESCRICAO,ID_MEDICO,TP_TRATAMENTO,TP_RETORNO,NM_DIAS_RETORNO) VALUES(114,29,'Medicação aplicada/receitada','Agendar retorno em 30 dias',30);
INSERT INTO T_PRESCRICAO (ID_PRESCRICAO,ID_MEDICO,TP_TRATAMENTO,TP_RETORNO,NM_DIAS_RETORNO) VALUES(115,5,' Consulta de acompanhamento ','Agendar retorno em 90 dias',90);
INSERT INTO T_PRESCRICAO (ID_PRESCRICAO,ID_MEDICO,TP_TRATAMENTO,TP_RETORNO,NM_DIAS_RETORNO) VALUES(116,31,' Consulta de acompanhamento ','Agendar retorno em 60 dias',60);
INSERT INTO T_PRESCRICAO (ID_PRESCRICAO,ID_MEDICO,TP_TRATAMENTO,TP_RETORNO,NM_DIAS_RETORNO) VALUES(117,32,' Consulta de acompanhamento ','Agendar retorno em 60 dias',60);
INSERT INTO T_PRESCRICAO (ID_PRESCRICAO,ID_MEDICO,TP_TRATAMENTO,TP_RETORNO,NM_DIAS_RETORNO) VALUES(118,33,' Consulta de acompanhamento ','Agendar retorno em 90 dias',90);
INSERT INTO T_PRESCRICAO (ID_PRESCRICAO,ID_MEDICO,TP_TRATAMENTO,TP_RETORNO,NM_DIAS_RETORNO) VALUES(119,34,'Medicação aplicada/receitada','Agendar retorno em 45 dias',45);
INSERT INTO T_PRESCRICAO (ID_PRESCRICAO,ID_MEDICO,TP_TRATAMENTO,TP_RETORNO,NM_DIAS_RETORNO) VALUES(120,35,'Medicação aplicada/receitada','Agendar retorno em 45 dias',45);
INSERT INTO T_PRESCRICAO (ID_PRESCRICAO,ID_MEDICO,TP_TRATAMENTO,TP_RETORNO,NM_DIAS_RETORNO) VALUES(121,36,' Consulta de acompanhamento ','Agendar retorno em 30 dias',30);
INSERT INTO T_PRESCRICAO (ID_PRESCRICAO,ID_MEDICO,TP_TRATAMENTO,TP_RETORNO,NM_DIAS_RETORNO) VALUES(122,37,'Medicação aplicada/receitada','Agendar retorno em 45 dias',45);
INSERT INTO T_PRESCRICAO (ID_PRESCRICAO,ID_MEDICO,TP_TRATAMENTO,TP_RETORNO,NM_DIAS_RETORNO) VALUES(123,38,' Consulta de acompanhamento ','Agendar retorno em 60 dias',60);
INSERT INTO T_PRESCRICAO (ID_PRESCRICAO,ID_MEDICO,TP_TRATAMENTO,TP_RETORNO,NM_DIAS_RETORNO) VALUES(124,39,' Consulta de acompanhamento ','Agendar retorno em 60 dias',60);
INSERT INTO T_PRESCRICAO (ID_PRESCRICAO,ID_MEDICO,TP_TRATAMENTO,TP_RETORNO,NM_DIAS_RETORNO) VALUES(125,40,' Consulta de acompanhamento ','Agendar retorno em 90 dias',90);
INSERT INTO T_PRESCRICAO (ID_PRESCRICAO,ID_MEDICO,TP_TRATAMENTO,TP_RETORNO,NM_DIAS_RETORNO) VALUES(126,31,'Medicação aplicada/receitada','Agendar retorno em 45 dias',45);
INSERT INTO T_PRESCRICAO (ID_PRESCRICAO,ID_MEDICO,TP_TRATAMENTO,TP_RETORNO,NM_DIAS_RETORNO) VALUES(127,32,'Medicação aplicada/receitada','Agendar retorno em 45 dias',45);
INSERT INTO T_PRESCRICAO (ID_PRESCRICAO,ID_MEDICO,TP_TRATAMENTO,TP_RETORNO,NM_DIAS_RETORNO) VALUES(128,33,' Consulta de acompanhamento ','Agendar retorno em 30 dias',30);
INSERT INTO T_PRESCRICAO (ID_PRESCRICAO,ID_MEDICO,TP_TRATAMENTO,TP_RETORNO,NM_DIAS_RETORNO) VALUES(129,34,'Medicação aplicada/receitada','Agendar retorno em 45 dias',45);
INSERT INTO T_PRESCRICAO (ID_PRESCRICAO,ID_MEDICO,TP_TRATAMENTO,TP_RETORNO,NM_DIAS_RETORNO) VALUES(130,35,' Consulta de acompanhamento ','Agendar retorno em 60 dias',60);
INSERT INTO T_PRESCRICAO (ID_PRESCRICAO,ID_MEDICO,TP_TRATAMENTO,TP_RETORNO,NM_DIAS_RETORNO) VALUES(131,36,' Consulta de acompanhamento ','Agendar retorno em 60 dias',60);
INSERT INTO T_PRESCRICAO (ID_PRESCRICAO,ID_MEDICO,TP_TRATAMENTO,TP_RETORNO,NM_DIAS_RETORNO) VALUES(132,37,' Consulta de acompanhamento ','Agendar retorno em 90 dias',90);
INSERT INTO T_PRESCRICAO (ID_PRESCRICAO,ID_MEDICO,TP_TRATAMENTO,TP_RETORNO,NM_DIAS_RETORNO) VALUES(133,38,'Medicação aplicada/receitada','Agendar retorno em 45 dias',45);
INSERT INTO T_PRESCRICAO (ID_PRESCRICAO,ID_MEDICO,TP_TRATAMENTO,TP_RETORNO,NM_DIAS_RETORNO) VALUES(134,39,'Medicação aplicada/receitada','Agendar retorno em 45 dias',45);
INSERT INTO T_PRESCRICAO (ID_PRESCRICAO,ID_MEDICO,TP_TRATAMENTO,TP_RETORNO,NM_DIAS_RETORNO) VALUES(135,40,'Medicação aplicada/receitada','Agendar retorno em 45 dias',45);
INSERT INTO T_PRESCRICAO (ID_PRESCRICAO,ID_MEDICO,TP_TRATAMENTO,TP_RETORNO,NM_DIAS_RETORNO) VALUES(136,31,'Medicação aplicada/receitada','Agendar retorno em 45 dias',45);
INSERT INTO T_PRESCRICAO (ID_PRESCRICAO,ID_MEDICO,TP_TRATAMENTO,TP_RETORNO,NM_DIAS_RETORNO) VALUES(137,32,' Consulta de acompanhamento ','Agendar retorno em 60 dias',60);
INSERT INTO T_PRESCRICAO (ID_PRESCRICAO,ID_MEDICO,TP_TRATAMENTO,TP_RETORNO,NM_DIAS_RETORNO) VALUES(138,33,' Consulta de acompanhamento ','Agendar retorno em 60 dias',60);
INSERT INTO T_PRESCRICAO (ID_PRESCRICAO,ID_MEDICO,TP_TRATAMENTO,TP_RETORNO,NM_DIAS_RETORNO) VALUES(139,34,' Consulta de acompanhamento ','Agendar retorno em 90 dias',90);
INSERT INTO T_PRESCRICAO (ID_PRESCRICAO,ID_MEDICO,TP_TRATAMENTO,TP_RETORNO,NM_DIAS_RETORNO) VALUES(140,35,'Medicação aplicada/receitada','Agendar retorno em 45 dias',45);
INSERT INTO T_PRESCRICAO (ID_PRESCRICAO,ID_MEDICO,TP_TRATAMENTO,TP_RETORNO,NM_DIAS_RETORNO) VALUES(141,36,'Medicação aplicada/receitada','Agendar retorno em 45 dias',45);
INSERT INTO T_PRESCRICAO (ID_PRESCRICAO,ID_MEDICO,TP_TRATAMENTO,TP_RETORNO,NM_DIAS_RETORNO) VALUES(142,37,' Consulta de acompanhamento ','Agendar retorno em 30 dias',30);
INSERT INTO T_PRESCRICAO (ID_PRESCRICAO,ID_MEDICO,TP_TRATAMENTO,TP_RETORNO,NM_DIAS_RETORNO) VALUES(143,38,'Medicação aplicada/receitada','Agendar retorno em 45 dias',45);
INSERT INTO T_PRESCRICAO (ID_PRESCRICAO,ID_MEDICO,TP_TRATAMENTO,TP_RETORNO,NM_DIAS_RETORNO) VALUES(144,39,' Consulta de acompanhamento ','Agendar retorno em 60 dias',60);
INSERT INTO T_PRESCRICAO (ID_PRESCRICAO,ID_MEDICO,TP_TRATAMENTO,TP_RETORNO,NM_DIAS_RETORNO) VALUES(145,40,' Consulta de acompanhamento ','Agendar retorno em 60 dias',60);
INSERT INTO T_PRESCRICAO (ID_PRESCRICAO,ID_MEDICO,TP_TRATAMENTO,TP_RETORNO,NM_DIAS_RETORNO) VALUES(146,31,' Consulta de acompanhamento ','Agendar retorno em 90 dias',90);
INSERT INTO T_PRESCRICAO (ID_PRESCRICAO,ID_MEDICO,TP_TRATAMENTO,TP_RETORNO,NM_DIAS_RETORNO) VALUES(147,32,'Medicação aplicada/receitada','Agendar retorno em 45 dias',45);
INSERT INTO T_PRESCRICAO (ID_PRESCRICAO,ID_MEDICO,TP_TRATAMENTO,TP_RETORNO,NM_DIAS_RETORNO) VALUES(148,33,'Medicação aplicada/receitada','Agendar retorno em 45 dias',45);
INSERT INTO T_PRESCRICAO (ID_PRESCRICAO,ID_MEDICO,TP_TRATAMENTO,TP_RETORNO,NM_DIAS_RETORNO) VALUES(149,34,' Consulta de acompanhamento ','Agendar retorno em 30 dias',30);
INSERT INTO T_PRESCRICAO (ID_PRESCRICAO,ID_MEDICO,TP_TRATAMENTO,TP_RETORNO,NM_DIAS_RETORNO) VALUES(150,35,'Medicação aplicada/receitada','Agendar retorno em 45 dias',45);
INSERT INTO T_PRESCRICAO (ID_PRESCRICAO,ID_MEDICO,TP_TRATAMENTO,TP_RETORNO,NM_DIAS_RETORNO) VALUES(151,36,' Consulta de acompanhamento ','Agendar retorno em 60 dias',60);
INSERT INTO T_PRESCRICAO (ID_PRESCRICAO,ID_MEDICO,TP_TRATAMENTO,TP_RETORNO,NM_DIAS_RETORNO) VALUES(152,37,' Consulta de acompanhamento ','Agendar retorno em 90 dias',90);
INSERT INTO T_PRESCRICAO (ID_PRESCRICAO,ID_MEDICO,TP_TRATAMENTO,TP_RETORNO,NM_DIAS_RETORNO) VALUES(153,38,'Medicação aplicada/receitada','Agendar retorno em 45 dias',45);
INSERT INTO T_PRESCRICAO (ID_PRESCRICAO,ID_MEDICO,TP_TRATAMENTO,TP_RETORNO,NM_DIAS_RETORNO) VALUES(154,39,'Medicação aplicada/receitada','Agendar retorno em 45 dias',45);
INSERT INTO T_PRESCRICAO (ID_PRESCRICAO,ID_MEDICO,TP_TRATAMENTO,TP_RETORNO,NM_DIAS_RETORNO) VALUES(155,40,' Consulta de acompanhamento ','Agendar retorno em 30 dias',30);
INSERT INTO T_PRESCRICAO (ID_PRESCRICAO,ID_MEDICO,TP_TRATAMENTO,TP_RETORNO,NM_DIAS_RETORNO) VALUES(156,31,'Medicação aplicada/receitada','Agendar retorno em 45 dias',45);


--POPULANDO DADOS NA TABELA T_CONSULTA

INSERT INTO T_CONSULTA (ID_CONSULTA,ID_HOSPITAL,ID_MEDICO,ID_PACIENTE,DT_HORA_CONSULTA,NR_CONSULTORIO,ID_CID,ID_PRESCRICAO) VALUES(1,1,1,81,TO_DATE('02/04/2020 10:45:00','DD/MM/YYYY HH24:MI:SS'),23,104,1);
INSERT INTO T_CONSULTA (ID_CONSULTA,ID_HOSPITAL,ID_MEDICO,ID_PACIENTE,DT_HORA_CONSULTA,NR_CONSULTORIO,ID_CID,ID_PRESCRICAO) VALUES(2,2,2,85,TO_DATE('06/04/2020 13:40:00','DD/MM/YYYY HH24:MI:SS'),5,105,2);
INSERT INTO T_CONSULTA (ID_CONSULTA,ID_HOSPITAL,ID_MEDICO,ID_PACIENTE,DT_HORA_CONSULTA,NR_CONSULTORIO,ID_CID,ID_PRESCRICAO) VALUES(3,5,3,89,TO_DATE('10/04/2020 12:00:00','DD/MM/YYYY HH24:MI:SS'),21,1010,3);
INSERT INTO T_CONSULTA (ID_CONSULTA,ID_HOSPITAL,ID_MEDICO,ID_PACIENTE,DT_HORA_CONSULTA,NR_CONSULTORIO,ID_CID,ID_PRESCRICAO) VALUES(4,7,4,93,TO_DATE('14/04/2020 13:30:00','DD/MM/YYYY HH24:MI:SS'),8,1011,4);
INSERT INTO T_CONSULTA (ID_CONSULTA,ID_HOSPITAL,ID_MEDICO,ID_PACIENTE,DT_HORA_CONSULTA,NR_CONSULTORIO,ID_CID,ID_PRESCRICAO) VALUES(5,8,5,97,TO_DATE('18/04/2020 11:50:00','DD/MM/YYYY HH24:MI:SS'),22,1084,5);
INSERT INTO T_CONSULTA (ID_CONSULTA,ID_HOSPITAL,ID_MEDICO,ID_PACIENTE,DT_HORA_CONSULTA,NR_CONSULTORIO,ID_CID,ID_PRESCRICAO) VALUES(6,9,6,101,TO_DATE('22/04/2020 12:10:00','DD/MM/YYYY HH24:MI:SS'),6,109,6);
INSERT INTO T_CONSULTA (ID_CONSULTA,ID_HOSPITAL,ID_MEDICO,ID_PACIENTE,DT_HORA_CONSULTA,NR_CONSULTORIO,ID_CID,ID_PRESCRICAO) VALUES(7,7,7,105,TO_DATE('26/04/2020 10:30:00','DD/MM/YYYY HH24:MI:SS'),20,100,7);
INSERT INTO T_CONSULTA (ID_CONSULTA,ID_HOSPITAL,ID_MEDICO,ID_PACIENTE,DT_HORA_CONSULTA,NR_CONSULTORIO,ID_CID,ID_PRESCRICAO) VALUES(8,6,8,109,TO_DATE('30/04/2020 11:00:00','DD/MM/YYYY HH24:MI:SS'),16,107,8);
INSERT INTO T_CONSULTA (ID_CONSULTA,ID_HOSPITAL,ID_MEDICO,ID_PACIENTE,DT_HORA_CONSULTA,NR_CONSULTORIO,ID_CID,ID_PRESCRICAO) VALUES(9,4,9,113,TO_DATE('02/04/2020 10:45:00','DD/MM/YYYY HH24:MI:SS'),23,104,9);
INSERT INTO T_CONSULTA (ID_CONSULTA,ID_HOSPITAL,ID_MEDICO,ID_PACIENTE,DT_HORA_CONSULTA,NR_CONSULTORIO,ID_CID,ID_PRESCRICAO) VALUES(10,1,10,117,TO_DATE('06/04/2020 13:40:00','DD/MM/YYYY HH24:MI:SS'),5,105,10);
INSERT INTO T_CONSULTA (ID_CONSULTA,ID_HOSPITAL,ID_MEDICO,ID_PACIENTE,DT_HORA_CONSULTA,NR_CONSULTORIO,ID_CID,ID_PRESCRICAO) VALUES(11,1,1,121,TO_DATE('10/04/2020 12:00:00','DD/MM/YYYY HH24:MI:SS'),21,1010,11);
INSERT INTO T_CONSULTA (ID_CONSULTA,ID_HOSPITAL,ID_MEDICO,ID_PACIENTE,DT_HORA_CONSULTA,NR_CONSULTORIO,ID_CID,ID_PRESCRICAO) VALUES(12,2,2,125,TO_DATE('14/04/2020 13:30:00','DD/MM/YYYY HH24:MI:SS'),8,1011,12);
INSERT INTO T_CONSULTA (ID_CONSULTA,ID_HOSPITAL,ID_MEDICO,ID_PACIENTE,DT_HORA_CONSULTA,NR_CONSULTORIO,ID_CID,ID_PRESCRICAO) VALUES(13,5,3,129,TO_DATE('18/04/2020 11:50:00','DD/MM/YYYY HH24:MI:SS'),22,1084,13);
INSERT INTO T_CONSULTA (ID_CONSULTA,ID_HOSPITAL,ID_MEDICO,ID_PACIENTE,DT_HORA_CONSULTA,NR_CONSULTORIO,ID_CID,ID_PRESCRICAO) VALUES(14,7,4,133,TO_DATE('22/04/2020 12:10:00','DD/MM/YYYY HH24:MI:SS'),6,109,14);
INSERT INTO T_CONSULTA (ID_CONSULTA,ID_HOSPITAL,ID_MEDICO,ID_PACIENTE,DT_HORA_CONSULTA,NR_CONSULTORIO,ID_CID,ID_PRESCRICAO) VALUES(15,8,5,137,TO_DATE('26/04/2020 10:30:00','DD/MM/YYYY HH24:MI:SS'),20,100,15);
INSERT INTO T_CONSULTA (ID_CONSULTA,ID_HOSPITAL,ID_MEDICO,ID_PACIENTE,DT_HORA_CONSULTA,NR_CONSULTORIO,ID_CID,ID_PRESCRICAO) VALUES(16,9,6,141,TO_DATE('30/04/2020 11:00:00','DD/MM/YYYY HH24:MI:SS'),16,107,16);
INSERT INTO T_CONSULTA (ID_CONSULTA,ID_HOSPITAL,ID_MEDICO,ID_PACIENTE,DT_HORA_CONSULTA,NR_CONSULTORIO,ID_CID,ID_PRESCRICAO) VALUES(17,7,7,145,TO_DATE('02/04/2020 09:45:00','DD/MM/YYYY HH24:MI:SS'),19,105,17);
INSERT INTO T_CONSULTA (ID_CONSULTA,ID_HOSPITAL,ID_MEDICO,ID_PACIENTE,DT_HORA_CONSULTA,NR_CONSULTORIO,ID_CID,ID_PRESCRICAO) VALUES(18,6,8,149,TO_DATE('06/04/2020 08:15:00','DD/MM/YYYY HH24:MI:SS'),33,1010,18);
INSERT INTO T_CONSULTA (ID_CONSULTA,ID_HOSPITAL,ID_MEDICO,ID_PACIENTE,DT_HORA_CONSULTA,NR_CONSULTORIO,ID_CID,ID_PRESCRICAO) VALUES(19,4,9,153,TO_DATE('10/04/2020 09:35:00','DD/MM/YYYY HH24:MI:SS'),37,1011,19);
INSERT INTO T_CONSULTA (ID_CONSULTA,ID_HOSPITAL,ID_MEDICO,ID_PACIENTE,DT_HORA_CONSULTA,NR_CONSULTORIO,ID_CID,ID_PRESCRICAO) VALUES(20,1,10,2,TO_DATE('14/04/2020 09:05:00','DD/MM/YYYY HH24:MI:SS'),41,1084,20);
INSERT INTO T_CONSULTA (ID_CONSULTA,ID_HOSPITAL,ID_MEDICO,ID_PACIENTE,DT_HORA_CONSULTA,NR_CONSULTORIO,ID_CID,ID_PRESCRICAO) VALUES(21,1,1,6,TO_DATE('18/04/2020 08:25:00','DD/MM/YYYY HH24:MI:SS'),45,109,21);
INSERT INTO T_CONSULTA (ID_CONSULTA,ID_HOSPITAL,ID_MEDICO,ID_PACIENTE,DT_HORA_CONSULTA,NR_CONSULTORIO,ID_CID,ID_PRESCRICAO) VALUES(22,2,2,10,TO_DATE('22/04/2020 14:45:00','DD/MM/YYYY HH24:MI:SS'),9,100,22);
INSERT INTO T_CONSULTA (ID_CONSULTA,ID_HOSPITAL,ID_MEDICO,ID_PACIENTE,DT_HORA_CONSULTA,NR_CONSULTORIO,ID_CID,ID_PRESCRICAO) VALUES(23,5,3,14,TO_DATE('26/04/2020 14:05:00','DD/MM/YYYY HH24:MI:SS'),13,107,23);
INSERT INTO T_CONSULTA (ID_CONSULTA,ID_HOSPITAL,ID_MEDICO,ID_PACIENTE,DT_HORA_CONSULTA,NR_CONSULTORIO,ID_CID,ID_PRESCRICAO) VALUES(24,7,4,18,TO_DATE('30/04/2020 13:25:00','DD/MM/YYYY HH24:MI:SS'),17,100,24);
INSERT INTO T_CONSULTA (ID_CONSULTA,ID_HOSPITAL,ID_MEDICO,ID_PACIENTE,DT_HORA_CONSULTA,NR_CONSULTORIO,ID_CID,ID_PRESCRICAO) VALUES(25,8,5,22,TO_DATE('02/04/2020 10:45:00','DD/MM/YYYY HH24:MI:SS'),23,104,25);
INSERT INTO T_CONSULTA (ID_CONSULTA,ID_HOSPITAL,ID_MEDICO,ID_PACIENTE,DT_HORA_CONSULTA,NR_CONSULTORIO,ID_CID,ID_PRESCRICAO) VALUES(26,9,6,26,TO_DATE('06/04/2020 13:40:00','DD/MM/YYYY HH24:MI:SS'),5,105,26);
INSERT INTO T_CONSULTA (ID_CONSULTA,ID_HOSPITAL,ID_MEDICO,ID_PACIENTE,DT_HORA_CONSULTA,NR_CONSULTORIO,ID_CID,ID_PRESCRICAO) VALUES(27,7,7,30,TO_DATE('10/04/2020 12:00:00','DD/MM/YYYY HH24:MI:SS'),21,1010,27);
INSERT INTO T_CONSULTA (ID_CONSULTA,ID_HOSPITAL,ID_MEDICO,ID_PACIENTE,DT_HORA_CONSULTA,NR_CONSULTORIO,ID_CID,ID_PRESCRICAO) VALUES(28,6,8,34,TO_DATE('14/04/2020 13:30:00','DD/MM/YYYY HH24:MI:SS'),8,1011,28);
INSERT INTO T_CONSULTA (ID_CONSULTA,ID_HOSPITAL,ID_MEDICO,ID_PACIENTE,DT_HORA_CONSULTA,NR_CONSULTORIO,ID_CID,ID_PRESCRICAO) VALUES(29,4,9,38,TO_DATE('18/04/2020 11:50:00','DD/MM/YYYY HH24:MI:SS'),22,1084,29);
INSERT INTO T_CONSULTA (ID_CONSULTA,ID_HOSPITAL,ID_MEDICO,ID_PACIENTE,DT_HORA_CONSULTA,NR_CONSULTORIO,ID_CID,ID_PRESCRICAO) VALUES(30,1,10,42,TO_DATE('22/04/2020 12:10:00','DD/MM/YYYY HH24:MI:SS'),6,109,30);
INSERT INTO T_CONSULTA (ID_CONSULTA,ID_HOSPITAL,ID_MEDICO,ID_PACIENTE,DT_HORA_CONSULTA,NR_CONSULTORIO,ID_CID,ID_PRESCRICAO) VALUES(31,1,1,46,TO_DATE('26/04/2020 10:30:00','DD/MM/YYYY HH24:MI:SS'),20,100,31);
INSERT INTO T_CONSULTA (ID_CONSULTA,ID_HOSPITAL,ID_MEDICO,ID_PACIENTE,DT_HORA_CONSULTA,NR_CONSULTORIO,ID_CID,ID_PRESCRICAO) VALUES(32,2,2,50,TO_DATE('30/04/2020 11:00:00','DD/MM/YYYY HH24:MI:SS'),16,106,32);
INSERT INTO T_CONSULTA (ID_CONSULTA,ID_HOSPITAL,ID_MEDICO,ID_PACIENTE,DT_HORA_CONSULTA,NR_CONSULTORIO,ID_CID,ID_PRESCRICAO) VALUES(33,5,3,54,TO_DATE('02/04/2020 10:45:00','DD/MM/YYYY HH24:MI:SS'),23,104,33);
INSERT INTO T_CONSULTA (ID_CONSULTA,ID_HOSPITAL,ID_MEDICO,ID_PACIENTE,DT_HORA_CONSULTA,NR_CONSULTORIO,ID_CID,ID_PRESCRICAO) VALUES(34,7,4,58,TO_DATE('06/04/2020 13:40:00','DD/MM/YYYY HH24:MI:SS'),5,105,34);
INSERT INTO T_CONSULTA (ID_CONSULTA,ID_HOSPITAL,ID_MEDICO,ID_PACIENTE,DT_HORA_CONSULTA,NR_CONSULTORIO,ID_CID,ID_PRESCRICAO) VALUES(35,8,5,62,TO_DATE('10/04/2020 12:00:00','DD/MM/YYYY HH24:MI:SS'),21,1010,35);
INSERT INTO T_CONSULTA (ID_CONSULTA,ID_HOSPITAL,ID_MEDICO,ID_PACIENTE,DT_HORA_CONSULTA,NR_CONSULTORIO,ID_CID,ID_PRESCRICAO) VALUES(36,9,6,66,TO_DATE('14/04/2020 13:30:00','DD/MM/YYYY HH24:MI:SS'),8,1011,36);
INSERT INTO T_CONSULTA (ID_CONSULTA,ID_HOSPITAL,ID_MEDICO,ID_PACIENTE,DT_HORA_CONSULTA,NR_CONSULTORIO,ID_CID,ID_PRESCRICAO) VALUES(37,7,7,70,TO_DATE('18/04/2020 11:50:00','DD/MM/YYYY HH24:MI:SS'),22,1084,37);
INSERT INTO T_CONSULTA (ID_CONSULTA,ID_HOSPITAL,ID_MEDICO,ID_PACIENTE,DT_HORA_CONSULTA,NR_CONSULTORIO,ID_CID,ID_PRESCRICAO) VALUES(38,6,8,74,TO_DATE('22/04/2020 12:10:00','DD/MM/YYYY HH24:MI:SS'),6,109,38);
INSERT INTO T_CONSULTA (ID_CONSULTA,ID_HOSPITAL,ID_MEDICO,ID_PACIENTE,DT_HORA_CONSULTA,NR_CONSULTORIO,ID_CID,ID_PRESCRICAO) VALUES(39,4,9,78,TO_DATE('26/04/2020 10:30:00','DD/MM/YYYY HH24:MI:SS'),20,100,39);
INSERT INTO T_CONSULTA (ID_CONSULTA,ID_HOSPITAL,ID_MEDICO,ID_PACIENTE,DT_HORA_CONSULTA,NR_CONSULTORIO,ID_CID,ID_PRESCRICAO) VALUES(40,1,10,150,TO_DATE('30/04/2020 11:00:00','DD/MM/YYYY HH24:MI:SS'),16,107,40);
INSERT INTO T_CONSULTA (ID_CONSULTA,ID_HOSPITAL,ID_MEDICO,ID_PACIENTE,DT_HORA_CONSULTA,NR_CONSULTORIO,ID_CID,ID_PRESCRICAO) VALUES(41,1,11,4,TO_DATE('04/04/2020 09:10:00','DD/MM/YYYY HH24:MI:SS'),16,162,41);
INSERT INTO T_CONSULTA (ID_CONSULTA,ID_HOSPITAL,ID_MEDICO,ID_PACIENTE,DT_HORA_CONSULTA,NR_CONSULTORIO,ID_CID,ID_PRESCRICAO) VALUES(42,3,12,8,TO_DATE('08/04/2020 08:50:00','DD/MM/YYYY HH24:MI:SS'),31,179,42);
INSERT INTO T_CONSULTA (ID_CONSULTA,ID_HOSPITAL,ID_MEDICO,ID_PACIENTE,DT_HORA_CONSULTA,NR_CONSULTORIO,ID_CID,ID_PRESCRICAO) VALUES(43,5,13,12,TO_DATE('12/04/2020 09:20:00','DD/MM/YYYY HH24:MI:SS'),14,199,43);
INSERT INTO T_CONSULTA (ID_CONSULTA,ID_HOSPITAL,ID_MEDICO,ID_PACIENTE,DT_HORA_CONSULTA,NR_CONSULTORIO,ID_CID,ID_PRESCRICAO) VALUES(44,7,14,16,TO_DATE('16/04/2020 08:40:00','DD/MM/YYYY HH24:MI:SS'),30,50,44);
INSERT INTO T_CONSULTA (ID_CONSULTA,ID_HOSPITAL,ID_MEDICO,ID_PACIENTE,DT_HORA_CONSULTA,NR_CONSULTORIO,ID_CID,ID_PRESCRICAO) VALUES(45,10,15,20,TO_DATE('20/04/2020 09:00:00','DD/MM/YYYY HH24:MI:SS'),15,189,45);
INSERT INTO T_CONSULTA (ID_CONSULTA,ID_HOSPITAL,ID_MEDICO,ID_PACIENTE,DT_HORA_CONSULTA,NR_CONSULTORIO,ID_CID,ID_PRESCRICAO) VALUES(46,12,16,24,TO_DATE('24/04/2020 16:20:00','DD/MM/YYYY HH24:MI:SS'),29,50,46);
INSERT INTO T_CONSULTA (ID_CONSULTA,ID_HOSPITAL,ID_MEDICO,ID_PACIENTE,DT_HORA_CONSULTA,NR_CONSULTORIO,ID_CID,ID_PRESCRICAO) VALUES(47,7,17,28,TO_DATE('28/04/2020 14:40:00','DD/MM/YYYY HH24:MI:SS'),13,189,47);
INSERT INTO T_CONSULTA (ID_CONSULTA,ID_HOSPITAL,ID_MEDICO,ID_PACIENTE,DT_HORA_CONSULTA,NR_CONSULTORIO,ID_CID,ID_PRESCRICAO) VALUES(48,6,18,32,TO_DATE('04/04/2020 09:10:00','DD/MM/YYYY HH24:MI:SS'),16,162,48);
INSERT INTO T_CONSULTA (ID_CONSULTA,ID_HOSPITAL,ID_MEDICO,ID_PACIENTE,DT_HORA_CONSULTA,NR_CONSULTORIO,ID_CID,ID_PRESCRICAO) VALUES(49,4,19,36,TO_DATE('08/04/2020 08:50:00','DD/MM/YYYY HH24:MI:SS'),31,179,49);
INSERT INTO T_CONSULTA (ID_CONSULTA,ID_HOSPITAL,ID_MEDICO,ID_PACIENTE,DT_HORA_CONSULTA,NR_CONSULTORIO,ID_CID,ID_PRESCRICAO) VALUES(50,1,20,40,TO_DATE('12/04/2020 09:20:00','DD/MM/YYYY HH24:MI:SS'),14,199,50);
INSERT INTO T_CONSULTA (ID_CONSULTA,ID_HOSPITAL,ID_MEDICO,ID_PACIENTE,DT_HORA_CONSULTA,NR_CONSULTORIO,ID_CID,ID_PRESCRICAO) VALUES(51,1,11,44,TO_DATE('16/04/2020 08:40:00','DD/MM/YYYY HH24:MI:SS'),30,50,51);
INSERT INTO T_CONSULTA (ID_CONSULTA,ID_HOSPITAL,ID_MEDICO,ID_PACIENTE,DT_HORA_CONSULTA,NR_CONSULTORIO,ID_CID,ID_PRESCRICAO) VALUES(52,3,12,48,TO_DATE('20/04/2020 09:00:00','DD/MM/YYYY HH24:MI:SS'),15,189,52);
INSERT INTO T_CONSULTA (ID_CONSULTA,ID_HOSPITAL,ID_MEDICO,ID_PACIENTE,DT_HORA_CONSULTA,NR_CONSULTORIO,ID_CID,ID_PRESCRICAO) VALUES(53,5,13,52,TO_DATE('24/04/2020 16:20:00','DD/MM/YYYY HH24:MI:SS'),29,189,53);
INSERT INTO T_CONSULTA (ID_CONSULTA,ID_HOSPITAL,ID_MEDICO,ID_PACIENTE,DT_HORA_CONSULTA,NR_CONSULTORIO,ID_CID,ID_PRESCRICAO) VALUES(54,7,14,56,TO_DATE('28/04/2020 14:40:00','DD/MM/YYYY HH24:MI:SS'),13,189,54);
INSERT INTO T_CONSULTA (ID_CONSULTA,ID_HOSPITAL,ID_MEDICO,ID_PACIENTE,DT_HORA_CONSULTA,NR_CONSULTORIO,ID_CID,ID_PRESCRICAO) VALUES(55,10,15,60,TO_DATE('04/04/2020 13:05:00','DD/MM/YYYY HH24:MI:SS'),11,162,55);
INSERT INTO T_CONSULTA (ID_CONSULTA,ID_HOSPITAL,ID_MEDICO,ID_PACIENTE,DT_HORA_CONSULTA,NR_CONSULTORIO,ID_CID,ID_PRESCRICAO) VALUES(56,12,16,64,TO_DATE('08/04/2020 12:25:00','DD/MM/YYYY HH24:MI:SS'),15,199,56);
INSERT INTO T_CONSULTA (ID_CONSULTA,ID_HOSPITAL,ID_MEDICO,ID_PACIENTE,DT_HORA_CONSULTA,NR_CONSULTORIO,ID_CID,ID_PRESCRICAO) VALUES(57,7,17,68,TO_DATE('12/04/2020 12:55:00','DD/MM/YYYY HH24:MI:SS'),19,50,57);
INSERT INTO T_CONSULTA (ID_CONSULTA,ID_HOSPITAL,ID_MEDICO,ID_PACIENTE,DT_HORA_CONSULTA,NR_CONSULTORIO,ID_CID,ID_PRESCRICAO) VALUES(58,6,18,72,TO_DATE('16/04/2020 12:15:00','DD/MM/YYYY HH24:MI:SS'),23,189,58);
INSERT INTO T_CONSULTA (ID_CONSULTA,ID_HOSPITAL,ID_MEDICO,ID_PACIENTE,DT_HORA_CONSULTA,NR_CONSULTORIO,ID_CID,ID_PRESCRICAO) VALUES(59,4,19,76,TO_DATE('20/04/2020 11:35:00','DD/MM/YYYY HH24:MI:SS'),27,180,59);
INSERT INTO T_CONSULTA (ID_CONSULTA,ID_HOSPITAL,ID_MEDICO,ID_PACIENTE,DT_HORA_CONSULTA,NR_CONSULTORIO,ID_CID,ID_PRESCRICAO) VALUES(60,1,20,80,TO_DATE('24/04/2020 10:55:00','DD/MM/YYYY HH24:MI:SS'),31,189,60);
INSERT INTO T_CONSULTA (ID_CONSULTA,ID_HOSPITAL,ID_MEDICO,ID_PACIENTE,DT_HORA_CONSULTA,NR_CONSULTORIO,ID_CID,ID_PRESCRICAO) VALUES(61,1,11,84,TO_DATE('28/04/2020 10:15:00','DD/MM/YYYY HH24:MI:SS'),35,189,61);
INSERT INTO T_CONSULTA (ID_CONSULTA,ID_HOSPITAL,ID_MEDICO,ID_PACIENTE,DT_HORA_CONSULTA,NR_CONSULTORIO,ID_CID,ID_PRESCRICAO) VALUES(62,3,12,88,TO_DATE('04/04/2020 09:10:00','DD/MM/YYYY HH24:MI:SS'),16,162,62);
INSERT INTO T_CONSULTA (ID_CONSULTA,ID_HOSPITAL,ID_MEDICO,ID_PACIENTE,DT_HORA_CONSULTA,NR_CONSULTORIO,ID_CID,ID_PRESCRICAO) VALUES(63,5,13,92,TO_DATE('08/04/2020 08:50:00','DD/MM/YYYY HH24:MI:SS'),31,179,63);
INSERT INTO T_CONSULTA (ID_CONSULTA,ID_HOSPITAL,ID_MEDICO,ID_PACIENTE,DT_HORA_CONSULTA,NR_CONSULTORIO,ID_CID,ID_PRESCRICAO) VALUES(64,7,14,96,TO_DATE('12/04/2020 09:20:00','DD/MM/YYYY HH24:MI:SS'),14,199,64);
INSERT INTO T_CONSULTA (ID_CONSULTA,ID_HOSPITAL,ID_MEDICO,ID_PACIENTE,DT_HORA_CONSULTA,NR_CONSULTORIO,ID_CID,ID_PRESCRICAO) VALUES(65,10,15,100,TO_DATE('16/04/2020 08:40:00','DD/MM/YYYY HH24:MI:SS'),30,50,65);
INSERT INTO T_CONSULTA (ID_CONSULTA,ID_HOSPITAL,ID_MEDICO,ID_PACIENTE,DT_HORA_CONSULTA,NR_CONSULTORIO,ID_CID,ID_PRESCRICAO) VALUES(66,12,16,104,TO_DATE('20/04/2020 09:00:00','DD/MM/YYYY HH24:MI:SS'),15,189,66);
INSERT INTO T_CONSULTA (ID_CONSULTA,ID_HOSPITAL,ID_MEDICO,ID_PACIENTE,DT_HORA_CONSULTA,NR_CONSULTORIO,ID_CID,ID_PRESCRICAO) VALUES(67,7,17,108,TO_DATE('24/04/2020 16:20:00','DD/MM/YYYY HH24:MI:SS'),29,189,67);
INSERT INTO T_CONSULTA (ID_CONSULTA,ID_HOSPITAL,ID_MEDICO,ID_PACIENTE,DT_HORA_CONSULTA,NR_CONSULTORIO,ID_CID,ID_PRESCRICAO) VALUES(68,6,18,112,TO_DATE('28/04/2020 14:40:00','DD/MM/YYYY HH24:MI:SS'),13,189,68);
INSERT INTO T_CONSULTA (ID_CONSULTA,ID_HOSPITAL,ID_MEDICO,ID_PACIENTE,DT_HORA_CONSULTA,NR_CONSULTORIO,ID_CID,ID_PRESCRICAO) VALUES(69,4,19,116,TO_DATE('04/04/2020 09:10:00','DD/MM/YYYY HH24:MI:SS'),16,162,69);
INSERT INTO T_CONSULTA (ID_CONSULTA,ID_HOSPITAL,ID_MEDICO,ID_PACIENTE,DT_HORA_CONSULTA,NR_CONSULTORIO,ID_CID,ID_PRESCRICAO) VALUES(70,1,20,120,TO_DATE('08/04/2020 08:50:00','DD/MM/YYYY HH24:MI:SS'),31,179,70);
INSERT INTO T_CONSULTA (ID_CONSULTA,ID_HOSPITAL,ID_MEDICO,ID_PACIENTE,DT_HORA_CONSULTA,NR_CONSULTORIO,ID_CID,ID_PRESCRICAO) VALUES(71,1,11,124,TO_DATE('12/04/2020 09:20:00','DD/MM/YYYY HH24:MI:SS'),14,199,71);
INSERT INTO T_CONSULTA (ID_CONSULTA,ID_HOSPITAL,ID_MEDICO,ID_PACIENTE,DT_HORA_CONSULTA,NR_CONSULTORIO,ID_CID,ID_PRESCRICAO) VALUES(72,3,12,128,TO_DATE('16/04/2020 08:40:00','DD/MM/YYYY HH24:MI:SS'),30,50,72);
INSERT INTO T_CONSULTA (ID_CONSULTA,ID_HOSPITAL,ID_MEDICO,ID_PACIENTE,DT_HORA_CONSULTA,NR_CONSULTORIO,ID_CID,ID_PRESCRICAO) VALUES(73,5,13,132,TO_DATE('20/04/2020 09:00:00','DD/MM/YYYY HH24:MI:SS'),15,189,73);
INSERT INTO T_CONSULTA (ID_CONSULTA,ID_HOSPITAL,ID_MEDICO,ID_PACIENTE,DT_HORA_CONSULTA,NR_CONSULTORIO,ID_CID,ID_PRESCRICAO) VALUES(74,7,14,136,TO_DATE('24/04/2020 16:20:00','DD/MM/YYYY HH24:MI:SS'),29,189,74);
INSERT INTO T_CONSULTA (ID_CONSULTA,ID_HOSPITAL,ID_MEDICO,ID_PACIENTE,DT_HORA_CONSULTA,NR_CONSULTORIO,ID_CID,ID_PRESCRICAO) VALUES(75,10,15,140,TO_DATE('28/04/2020 14:40:00','DD/MM/YYYY HH24:MI:SS'),13,189,75);
INSERT INTO T_CONSULTA (ID_CONSULTA,ID_HOSPITAL,ID_MEDICO,ID_PACIENTE,DT_HORA_CONSULTA,NR_CONSULTORIO,ID_CID,ID_PRESCRICAO) VALUES(76,1,21,3,TO_DATE('01/04/2020 08:30:00','DD/MM/YYYY HH24:MI:SS'),12,1,76);
INSERT INTO T_CONSULTA (ID_CONSULTA,ID_HOSPITAL,ID_MEDICO,ID_PACIENTE,DT_HORA_CONSULTA,NR_CONSULTORIO,ID_CID,ID_PRESCRICAO) VALUES(77,3,22,7,TO_DATE('05/04/2020 11:55:00','DD/MM/YYYY HH24:MI:SS'),28,10,77);
INSERT INTO T_CONSULTA (ID_CONSULTA,ID_HOSPITAL,ID_MEDICO,ID_PACIENTE,DT_HORA_CONSULTA,NR_CONSULTORIO,ID_CID,ID_PRESCRICAO) VALUES(78,5,23,11,TO_DATE('09/04/2020 10:25:00','DD/MM/YYYY HH24:MI:SS'),10,39,78);
INSERT INTO T_CONSULTA (ID_CONSULTA,ID_HOSPITAL,ID_MEDICO,ID_PACIENTE,DT_HORA_CONSULTA,NR_CONSULTORIO,ID_CID,ID_PRESCRICAO) VALUES(79,7,24,15,TO_DATE('13/04/2020 11:45:00','DD/MM/YYYY HH24:MI:SS'),26,51,79);
INSERT INTO T_CONSULTA (ID_CONSULTA,ID_HOSPITAL,ID_MEDICO,ID_PACIENTE,DT_HORA_CONSULTA,NR_CONSULTORIO,ID_CID,ID_PRESCRICAO) VALUES(80,11,25,19,TO_DATE('17/04/2020 10:15:00','DD/MM/YYYY HH24:MI:SS'),11,9,80);
INSERT INTO T_CONSULTA (ID_CONSULTA,ID_HOSPITAL,ID_MEDICO,ID_PACIENTE,DT_HORA_CONSULTA,NR_CONSULTORIO,ID_CID,ID_PRESCRICAO) VALUES(81,12,26,23,TO_DATE('21/04/2020 10:35:00','DD/MM/YYYY HH24:MI:SS'),27,9,81);
INSERT INTO T_CONSULTA (ID_CONSULTA,ID_HOSPITAL,ID_MEDICO,ID_PACIENTE,DT_HORA_CONSULTA,NR_CONSULTORIO,ID_CID,ID_PRESCRICAO) VALUES(82,7,27,27,TO_DATE('25/04/2020 08:55:00','DD/MM/YYYY HH24:MI:SS'),9,150,82);
INSERT INTO T_CONSULTA (ID_CONSULTA,ID_HOSPITAL,ID_MEDICO,ID_PACIENTE,DT_HORA_CONSULTA,NR_CONSULTORIO,ID_CID,ID_PRESCRICAO) VALUES(83,6,28,31,TO_DATE('29/04/2020 09:25:00','DD/MM/YYYY HH24:MI:SS'),25,160,83);
INSERT INTO T_CONSULTA (ID_CONSULTA,ID_HOSPITAL,ID_MEDICO,ID_PACIENTE,DT_HORA_CONSULTA,NR_CONSULTORIO,ID_CID,ID_PRESCRICAO) VALUES(84,2,29,35,TO_DATE('01/04/2020 08:30:00','DD/MM/YYYY HH24:MI:SS'),12,11,84);
INSERT INTO T_CONSULTA (ID_CONSULTA,ID_HOSPITAL,ID_MEDICO,ID_PACIENTE,DT_HORA_CONSULTA,NR_CONSULTORIO,ID_CID,ID_PRESCRICAO) VALUES(85,1,30,39,TO_DATE('05/04/2020 11:55:00','DD/MM/YYYY HH24:MI:SS'),28,10,85);
INSERT INTO T_CONSULTA (ID_CONSULTA,ID_HOSPITAL,ID_MEDICO,ID_PACIENTE,DT_HORA_CONSULTA,NR_CONSULTORIO,ID_CID,ID_PRESCRICAO) VALUES(86,1,21,43,TO_DATE('09/04/2020 10:25:00','DD/MM/YYYY HH24:MI:SS'),10,39,86);
INSERT INTO T_CONSULTA (ID_CONSULTA,ID_HOSPITAL,ID_MEDICO,ID_PACIENTE,DT_HORA_CONSULTA,NR_CONSULTORIO,ID_CID,ID_PRESCRICAO) VALUES(87,3,22,47,TO_DATE('13/04/2020 11:45:00','DD/MM/YYYY HH24:MI:SS'),26,51,87);
INSERT INTO T_CONSULTA (ID_CONSULTA,ID_HOSPITAL,ID_MEDICO,ID_PACIENTE,DT_HORA_CONSULTA,NR_CONSULTORIO,ID_CID,ID_PRESCRICAO) VALUES(88,5,23,51,TO_DATE('17/04/2020 10:15:00','DD/MM/YYYY HH24:MI:SS'),11,9,88);
INSERT INTO T_CONSULTA (ID_CONSULTA,ID_HOSPITAL,ID_MEDICO,ID_PACIENTE,DT_HORA_CONSULTA,NR_CONSULTORIO,ID_CID,ID_PRESCRICAO) VALUES(89,7,24,55,TO_DATE('21/04/2020 10:35:00','DD/MM/YYYY HH24:MI:SS'),27,9,89);
INSERT INTO T_CONSULTA (ID_CONSULTA,ID_HOSPITAL,ID_MEDICO,ID_PACIENTE,DT_HORA_CONSULTA,NR_CONSULTORIO,ID_CID,ID_PRESCRICAO) VALUES(90,11,25,59,TO_DATE('25/04/2020 08:55:00','DD/MM/YYYY HH24:MI:SS'),9,150,90);
INSERT INTO T_CONSULTA (ID_CONSULTA,ID_HOSPITAL,ID_MEDICO,ID_PACIENTE,DT_HORA_CONSULTA,NR_CONSULTORIO,ID_CID,ID_PRESCRICAO) VALUES(91,12,26,63,TO_DATE('29/04/2020 09:25:00','DD/MM/YYYY HH24:MI:SS'),25,160,91);
INSERT INTO T_CONSULTA (ID_CONSULTA,ID_HOSPITAL,ID_MEDICO,ID_PACIENTE,DT_HORA_CONSULTA,NR_CONSULTORIO,ID_CID,ID_PRESCRICAO) VALUES(92,7,27,67,TO_DATE('01/04/2020 14:30:00','DD/MM/YYYY HH24:MI:SS'),8,22,92);
INSERT INTO T_CONSULTA (ID_CONSULTA,ID_HOSPITAL,ID_MEDICO,ID_PACIENTE,DT_HORA_CONSULTA,NR_CONSULTORIO,ID_CID,ID_PRESCRICAO) VALUES(93,6,28,71,TO_DATE('05/04/2020 15:40:00','DD/MM/YYYY HH24:MI:SS'),22,10,93);
INSERT INTO T_CONSULTA (ID_CONSULTA,ID_HOSPITAL,ID_MEDICO,ID_PACIENTE,DT_HORA_CONSULTA,NR_CONSULTORIO,ID_CID,ID_PRESCRICAO) VALUES(94,2,29,75,TO_DATE('09/04/2020 14:00:00','DD/MM/YYYY HH24:MI:SS'),26,51,94);
INSERT INTO T_CONSULTA (ID_CONSULTA,ID_HOSPITAL,ID_MEDICO,ID_PACIENTE,DT_HORA_CONSULTA,NR_CONSULTORIO,ID_CID,ID_PRESCRICAO) VALUES(95,1,30,79,TO_DATE('13/04/2020 14:30:00','DD/MM/YYYY HH24:MI:SS'),30,9,95);
INSERT INTO T_CONSULTA (ID_CONSULTA,ID_HOSPITAL,ID_MEDICO,ID_PACIENTE,DT_HORA_CONSULTA,NR_CONSULTORIO,ID_CID,ID_PRESCRICAO) VALUES(96,1,21,83,TO_DATE('17/04/2020 13:50:00','DD/MM/YYYY HH24:MI:SS'),34,9,96);
INSERT INTO T_CONSULTA (ID_CONSULTA,ID_HOSPITAL,ID_MEDICO,ID_PACIENTE,DT_HORA_CONSULTA,NR_CONSULTORIO,ID_CID,ID_PRESCRICAO) VALUES(97,3,22,87,TO_DATE('21/04/2020 13:10:00','DD/MM/YYYY HH24:MI:SS'),38,90,97);
INSERT INTO T_CONSULTA (ID_CONSULTA,ID_HOSPITAL,ID_MEDICO,ID_PACIENTE,DT_HORA_CONSULTA,NR_CONSULTORIO,ID_CID,ID_PRESCRICAO) VALUES(98,5,23,91,TO_DATE('25/04/2020 12:30:00','DD/MM/YYYY HH24:MI:SS'),42,160,98);
INSERT INTO T_CONSULTA (ID_CONSULTA,ID_HOSPITAL,ID_MEDICO,ID_PACIENTE,DT_HORA_CONSULTA,NR_CONSULTORIO,ID_CID,ID_PRESCRICAO) VALUES(99,7,24,95,TO_DATE('29/04/2020 11:50:00','DD/MM/YYYY HH24:MI:SS'),46,150,99);
INSERT INTO T_CONSULTA (ID_CONSULTA,ID_HOSPITAL,ID_MEDICO,ID_PACIENTE,DT_HORA_CONSULTA,NR_CONSULTORIO,ID_CID,ID_PRESCRICAO) VALUES(100,11,25,99,TO_DATE('01/04/2020 08:30:00','DD/MM/YYYY HH24:MI:SS'),12,11,100);
INSERT INTO T_CONSULTA (ID_CONSULTA,ID_HOSPITAL,ID_MEDICO,ID_PACIENTE,DT_HORA_CONSULTA,NR_CONSULTORIO,ID_CID,ID_PRESCRICAO) VALUES(101,12,26,103,TO_DATE('05/04/2020 11:55:00','DD/MM/YYYY HH24:MI:SS'),28,10,101);
INSERT INTO T_CONSULTA (ID_CONSULTA,ID_HOSPITAL,ID_MEDICO,ID_PACIENTE,DT_HORA_CONSULTA,NR_CONSULTORIO,ID_CID,ID_PRESCRICAO) VALUES(102,7,27,107,TO_DATE('09/04/2020 10:25:00','DD/MM/YYYY HH24:MI:SS'),10,39,102);
INSERT INTO T_CONSULTA (ID_CONSULTA,ID_HOSPITAL,ID_MEDICO,ID_PACIENTE,DT_HORA_CONSULTA,NR_CONSULTORIO,ID_CID,ID_PRESCRICAO) VALUES(103,6,28,111,TO_DATE('13/04/2020 11:45:00','DD/MM/YYYY HH24:MI:SS'),26,51,103);
INSERT INTO T_CONSULTA (ID_CONSULTA,ID_HOSPITAL,ID_MEDICO,ID_PACIENTE,DT_HORA_CONSULTA,NR_CONSULTORIO,ID_CID,ID_PRESCRICAO) VALUES(104,2,29,115,TO_DATE('17/04/2020 10:15:00','DD/MM/YYYY HH24:MI:SS'),11,9,104);
INSERT INTO T_CONSULTA (ID_CONSULTA,ID_HOSPITAL,ID_MEDICO,ID_PACIENTE,DT_HORA_CONSULTA,NR_CONSULTORIO,ID_CID,ID_PRESCRICAO) VALUES(105,1,30,119,TO_DATE('21/04/2020 10:35:00','DD/MM/YYYY HH24:MI:SS'),27,9,105);
INSERT INTO T_CONSULTA (ID_CONSULTA,ID_HOSPITAL,ID_MEDICO,ID_PACIENTE,DT_HORA_CONSULTA,NR_CONSULTORIO,ID_CID,ID_PRESCRICAO) VALUES(106,1,21,123,TO_DATE('25/04/2020 08:55:00','DD/MM/YYYY HH24:MI:SS'),9,150,106);
INSERT INTO T_CONSULTA (ID_CONSULTA,ID_HOSPITAL,ID_MEDICO,ID_PACIENTE,DT_HORA_CONSULTA,NR_CONSULTORIO,ID_CID,ID_PRESCRICAO) VALUES(107,3,22,127,TO_DATE('29/04/2020 09:25:00','DD/MM/YYYY HH24:MI:SS'),25,160,107);
INSERT INTO T_CONSULTA (ID_CONSULTA,ID_HOSPITAL,ID_MEDICO,ID_PACIENTE,DT_HORA_CONSULTA,NR_CONSULTORIO,ID_CID,ID_PRESCRICAO) VALUES(108,5,23,131,TO_DATE('01/04/2020 08:30:00','DD/MM/YYYY HH24:MI:SS'),12,11,108);
INSERT INTO T_CONSULTA (ID_CONSULTA,ID_HOSPITAL,ID_MEDICO,ID_PACIENTE,DT_HORA_CONSULTA,NR_CONSULTORIO,ID_CID,ID_PRESCRICAO) VALUES(109,7,24,135,TO_DATE('05/04/2020 11:55:00','DD/MM/YYYY HH24:MI:SS'),28,10,109);
INSERT INTO T_CONSULTA (ID_CONSULTA,ID_HOSPITAL,ID_MEDICO,ID_PACIENTE,DT_HORA_CONSULTA,NR_CONSULTORIO,ID_CID,ID_PRESCRICAO) VALUES(110,11,25,139,TO_DATE('09/04/2020 10:25:00','DD/MM/YYYY HH24:MI:SS'),10,39,110);
INSERT INTO T_CONSULTA (ID_CONSULTA,ID_HOSPITAL,ID_MEDICO,ID_PACIENTE,DT_HORA_CONSULTA,NR_CONSULTORIO,ID_CID,ID_PRESCRICAO) VALUES(111,12,26,143,TO_DATE('13/04/2020 11:45:00','DD/MM/YYYY HH24:MI:SS'),26,51,111);
INSERT INTO T_CONSULTA (ID_CONSULTA,ID_HOSPITAL,ID_MEDICO,ID_PACIENTE,DT_HORA_CONSULTA,NR_CONSULTORIO,ID_CID,ID_PRESCRICAO) VALUES(112,7,27,147,TO_DATE('17/04/2020 10:15:00','DD/MM/YYYY HH24:MI:SS'),11,9,112);
INSERT INTO T_CONSULTA (ID_CONSULTA,ID_HOSPITAL,ID_MEDICO,ID_PACIENTE,DT_HORA_CONSULTA,NR_CONSULTORIO,ID_CID,ID_PRESCRICAO) VALUES(113,6,28,151,TO_DATE('21/04/2020 10:35:00','DD/MM/YYYY HH24:MI:SS'),27,9,113);
INSERT INTO T_CONSULTA (ID_CONSULTA,ID_HOSPITAL,ID_MEDICO,ID_PACIENTE,DT_HORA_CONSULTA,NR_CONSULTORIO,ID_CID,ID_PRESCRICAO) VALUES(114,2,29,155,TO_DATE('25/04/2020 08:55:00','DD/MM/YYYY HH24:MI:SS'),9,150,114);
INSERT INTO T_CONSULTA (ID_CONSULTA,ID_HOSPITAL,ID_MEDICO,ID_PACIENTE,DT_HORA_CONSULTA,NR_CONSULTORIO,ID_CID,ID_PRESCRICAO) VALUES(115,8,5,154,TO_DATE('29/04/2020 09:25:00','DD/MM/YYYY HH24:MI:SS'),25,160,115);
INSERT INTO T_CONSULTA (ID_CONSULTA,ID_HOSPITAL,ID_MEDICO,ID_PACIENTE,DT_HORA_CONSULTA,NR_CONSULTORIO,ID_CID,ID_PRESCRICAO) VALUES(116,1,31,144,TO_DATE('03/04/2020 14:20:00','DD/MM/YYYY HH24:MI:SS'),7,451,116);
INSERT INTO T_CONSULTA (ID_CONSULTA,ID_HOSPITAL,ID_MEDICO,ID_PACIENTE,DT_HORA_CONSULTA,NR_CONSULTORIO,ID_CID,ID_PRESCRICAO) VALUES(117,4,32,148,TO_DATE('07/04/2020 16:15:00','DD/MM/YYYY HH24:MI:SS'),18,450,117);
INSERT INTO T_CONSULTA (ID_CONSULTA,ID_HOSPITAL,ID_MEDICO,ID_PACIENTE,DT_HORA_CONSULTA,NR_CONSULTORIO,ID_CID,ID_PRESCRICAO) VALUES(118,7,33,152,TO_DATE('11/04/2020 14:35:00','DD/MM/YYYY HH24:MI:SS'),3,458,118);
INSERT INTO T_CONSULTA (ID_CONSULTA,ID_HOSPITAL,ID_MEDICO,ID_PACIENTE,DT_HORA_CONSULTA,NR_CONSULTORIO,ID_CID,ID_PRESCRICAO) VALUES(119,10,34,156,TO_DATE('15/04/2020 16:05:00','DD/MM/YYYY HH24:MI:SS'),19,441,119);
INSERT INTO T_CONSULTA (ID_CONSULTA,ID_HOSPITAL,ID_MEDICO,ID_PACIENTE,DT_HORA_CONSULTA,NR_CONSULTORIO,ID_CID,ID_PRESCRICAO) VALUES(120,9,35,1,TO_DATE('19/04/2020 14:25:00','DD/MM/YYYY HH24:MI:SS'),4,458,120);
INSERT INTO T_CONSULTA (ID_CONSULTA,ID_HOSPITAL,ID_MEDICO,ID_PACIENTE,DT_HORA_CONSULTA,NR_CONSULTORIO,ID_CID,ID_PRESCRICAO) VALUES(121,6,36,5,TO_DATE('23/04/2020 13:45:00','DD/MM/YYYY HH24:MI:SS'),17,440,121);
INSERT INTO T_CONSULTA (ID_CONSULTA,ID_HOSPITAL,ID_MEDICO,ID_PACIENTE,DT_HORA_CONSULTA,NR_CONSULTORIO,ID_CID,ID_PRESCRICAO) VALUES(122,7,37,9,TO_DATE('27/04/2020 12:05:00','DD/MM/YYYY HH24:MI:SS'),2,439,122);
INSERT INTO T_CONSULTA (ID_CONSULTA,ID_HOSPITAL,ID_MEDICO,ID_PACIENTE,DT_HORA_CONSULTA,NR_CONSULTORIO,ID_CID,ID_PRESCRICAO) VALUES(123,6,38,13,TO_DATE('03/04/2020 14:20:00','DD/MM/YYYY HH24:MI:SS'),7,451,123);
INSERT INTO T_CONSULTA (ID_CONSULTA,ID_HOSPITAL,ID_MEDICO,ID_PACIENTE,DT_HORA_CONSULTA,NR_CONSULTORIO,ID_CID,ID_PRESCRICAO) VALUES(124,2,39,17,TO_DATE('07/04/2020 16:15:00','DD/MM/YYYY HH24:MI:SS'),18,450,124);
INSERT INTO T_CONSULTA (ID_CONSULTA,ID_HOSPITAL,ID_MEDICO,ID_PACIENTE,DT_HORA_CONSULTA,NR_CONSULTORIO,ID_CID,ID_PRESCRICAO) VALUES(125,1,40,21,TO_DATE('11/04/2020 14:35:00','DD/MM/YYYY HH24:MI:SS'),3,458,125);
INSERT INTO T_CONSULTA (ID_CONSULTA,ID_HOSPITAL,ID_MEDICO,ID_PACIENTE,DT_HORA_CONSULTA,NR_CONSULTORIO,ID_CID,ID_PRESCRICAO) VALUES(126,1,31,25,TO_DATE('15/04/2020 16:05:00','DD/MM/YYYY HH24:MI:SS'),19,441,126);
INSERT INTO T_CONSULTA (ID_CONSULTA,ID_HOSPITAL,ID_MEDICO,ID_PACIENTE,DT_HORA_CONSULTA,NR_CONSULTORIO,ID_CID,ID_PRESCRICAO) VALUES(127,4,32,29,TO_DATE('19/04/2020 14:25:00','DD/MM/YYYY HH24:MI:SS'),4,458,127);
INSERT INTO T_CONSULTA (ID_CONSULTA,ID_HOSPITAL,ID_MEDICO,ID_PACIENTE,DT_HORA_CONSULTA,NR_CONSULTORIO,ID_CID,ID_PRESCRICAO) VALUES(128,7,33,33,TO_DATE('23/04/2020 13:45:00','DD/MM/YYYY HH24:MI:SS'),17,440,128);
INSERT INTO T_CONSULTA (ID_CONSULTA,ID_HOSPITAL,ID_MEDICO,ID_PACIENTE,DT_HORA_CONSULTA,NR_CONSULTORIO,ID_CID,ID_PRESCRICAO) VALUES(129,10,34,37,TO_DATE('27/04/2020 12:05:00','DD/MM/YYYY HH24:MI:SS'),2,439,129);
INSERT INTO T_CONSULTA (ID_CONSULTA,ID_HOSPITAL,ID_MEDICO,ID_PACIENTE,DT_HORA_CONSULTA,NR_CONSULTORIO,ID_CID,ID_PRESCRICAO) VALUES(130,9,35,41,TO_DATE('03/04/2020 11:20:00','DD/MM/YYYY HH24:MI:SS'),30,450,130);
INSERT INTO T_CONSULTA (ID_CONSULTA,ID_HOSPITAL,ID_MEDICO,ID_PACIENTE,DT_HORA_CONSULTA,NR_CONSULTORIO,ID_CID,ID_PRESCRICAO) VALUES(131,6,36,45,TO_DATE('07/04/2020 10:50:00','DD/MM/YYYY HH24:MI:SS'),4,458,131);
INSERT INTO T_CONSULTA (ID_CONSULTA,ID_HOSPITAL,ID_MEDICO,ID_PACIENTE,DT_HORA_CONSULTA,NR_CONSULTORIO,ID_CID,ID_PRESCRICAO) VALUES(132,7,37,49,TO_DATE('11/04/2020 11:10:00','DD/MM/YYYY HH24:MI:SS'),8,441,132);
INSERT INTO T_CONSULTA (ID_CONSULTA,ID_HOSPITAL,ID_MEDICO,ID_PACIENTE,DT_HORA_CONSULTA,NR_CONSULTORIO,ID_CID,ID_PRESCRICAO) VALUES(133,6,38,53,TO_DATE('15/04/2020 10:40:00','DD/MM/YYYY HH24:MI:SS'),12,440,133);
INSERT INTO T_CONSULTA (ID_CONSULTA,ID_HOSPITAL,ID_MEDICO,ID_PACIENTE,DT_HORA_CONSULTA,NR_CONSULTORIO,ID_CID,ID_PRESCRICAO) VALUES(134,2,39,57,TO_DATE('19/04/2020 10:00:00','DD/MM/YYYY HH24:MI:SS'),16,454,134);
INSERT INTO T_CONSULTA (ID_CONSULTA,ID_HOSPITAL,ID_MEDICO,ID_PACIENTE,DT_HORA_CONSULTA,NR_CONSULTORIO,ID_CID,ID_PRESCRICAO) VALUES(135,1,40,61,TO_DATE('23/04/2020 09:20:00','DD/MM/YYYY HH24:MI:SS'),20,439,135);
INSERT INTO T_CONSULTA (ID_CONSULTA,ID_HOSPITAL,ID_MEDICO,ID_PACIENTE,DT_HORA_CONSULTA,NR_CONSULTORIO,ID_CID,ID_PRESCRICAO) VALUES(136,1,31,65,TO_DATE('27/04/2020 08:40:00','DD/MM/YYYY HH24:MI:SS'),24,440,136);
INSERT INTO T_CONSULTA (ID_CONSULTA,ID_HOSPITAL,ID_MEDICO,ID_PACIENTE,DT_HORA_CONSULTA,NR_CONSULTORIO,ID_CID,ID_PRESCRICAO) VALUES(137,4,32,69,TO_DATE('03/04/2020 14:20:00','DD/MM/YYYY HH24:MI:SS'),7,451,137);
INSERT INTO T_CONSULTA (ID_CONSULTA,ID_HOSPITAL,ID_MEDICO,ID_PACIENTE,DT_HORA_CONSULTA,NR_CONSULTORIO,ID_CID,ID_PRESCRICAO) VALUES(138,7,33,73,TO_DATE('07/04/2020 16:15:00','DD/MM/YYYY HH24:MI:SS'),18,450,138);
INSERT INTO T_CONSULTA (ID_CONSULTA,ID_HOSPITAL,ID_MEDICO,ID_PACIENTE,DT_HORA_CONSULTA,NR_CONSULTORIO,ID_CID,ID_PRESCRICAO) VALUES(139,10,34,77,TO_DATE('11/04/2020 14:35:00','DD/MM/YYYY HH24:MI:SS'),3,458,139);
INSERT INTO T_CONSULTA (ID_CONSULTA,ID_HOSPITAL,ID_MEDICO,ID_PACIENTE,DT_HORA_CONSULTA,NR_CONSULTORIO,ID_CID,ID_PRESCRICAO) VALUES(140,9,35,82,TO_DATE('15/04/2020 16:05:00','DD/MM/YYYY HH24:MI:SS'),19,441,140);
INSERT INTO T_CONSULTA (ID_CONSULTA,ID_HOSPITAL,ID_MEDICO,ID_PACIENTE,DT_HORA_CONSULTA,NR_CONSULTORIO,ID_CID,ID_PRESCRICAO) VALUES(141,6,36,86,TO_DATE('19/04/2020 14:25:00','DD/MM/YYYY HH24:MI:SS'),4,458,141);
INSERT INTO T_CONSULTA (ID_CONSULTA,ID_HOSPITAL,ID_MEDICO,ID_PACIENTE,DT_HORA_CONSULTA,NR_CONSULTORIO,ID_CID,ID_PRESCRICAO) VALUES(142,7,37,90,TO_DATE('23/04/2020 13:45:00','DD/MM/YYYY HH24:MI:SS'),17,440,142);
INSERT INTO T_CONSULTA (ID_CONSULTA,ID_HOSPITAL,ID_MEDICO,ID_PACIENTE,DT_HORA_CONSULTA,NR_CONSULTORIO,ID_CID,ID_PRESCRICAO) VALUES(143,6,38,94,TO_DATE('27/04/2020 12:05:00','DD/MM/YYYY HH24:MI:SS'),2,439,143);
INSERT INTO T_CONSULTA (ID_CONSULTA,ID_HOSPITAL,ID_MEDICO,ID_PACIENTE,DT_HORA_CONSULTA,NR_CONSULTORIO,ID_CID,ID_PRESCRICAO) VALUES(144,2,39,98,TO_DATE('03/04/2020 14:20:00','DD/MM/YYYY HH24:MI:SS'),7,451,144);
INSERT INTO T_CONSULTA (ID_CONSULTA,ID_HOSPITAL,ID_MEDICO,ID_PACIENTE,DT_HORA_CONSULTA,NR_CONSULTORIO,ID_CID,ID_PRESCRICAO) VALUES(145,1,40,102,TO_DATE('07/04/2020 16:15:00','DD/MM/YYYY HH24:MI:SS'),18,450,145);
INSERT INTO T_CONSULTA (ID_CONSULTA,ID_HOSPITAL,ID_MEDICO,ID_PACIENTE,DT_HORA_CONSULTA,NR_CONSULTORIO,ID_CID,ID_PRESCRICAO) VALUES(146,1,31,106,TO_DATE('11/04/2020 14:35:00','DD/MM/YYYY HH24:MI:SS'),3,458,146);
INSERT INTO T_CONSULTA (ID_CONSULTA,ID_HOSPITAL,ID_MEDICO,ID_PACIENTE,DT_HORA_CONSULTA,NR_CONSULTORIO,ID_CID,ID_PRESCRICAO) VALUES(147,4,32,110,TO_DATE('15/04/2020 16:05:00','DD/MM/YYYY HH24:MI:SS'),19,441,147);
INSERT INTO T_CONSULTA (ID_CONSULTA,ID_HOSPITAL,ID_MEDICO,ID_PACIENTE,DT_HORA_CONSULTA,NR_CONSULTORIO,ID_CID,ID_PRESCRICAO) VALUES(148,7,33,114,TO_DATE('19/04/2020 14:25:00','DD/MM/YYYY HH24:MI:SS'),4,458,148);
INSERT INTO T_CONSULTA (ID_CONSULTA,ID_HOSPITAL,ID_MEDICO,ID_PACIENTE,DT_HORA_CONSULTA,NR_CONSULTORIO,ID_CID,ID_PRESCRICAO) VALUES(149,10,34,118,TO_DATE('23/04/2020 13:45:00','DD/MM/YYYY HH24:MI:SS'),17,440,149);
INSERT INTO T_CONSULTA (ID_CONSULTA,ID_HOSPITAL,ID_MEDICO,ID_PACIENTE,DT_HORA_CONSULTA,NR_CONSULTORIO,ID_CID,ID_PRESCRICAO) VALUES(150,9,35,122,TO_DATE('27/04/2020 12:05:00','DD/MM/YYYY HH24:MI:SS'),2,439,150);
INSERT INTO T_CONSULTA (ID_CONSULTA,ID_HOSPITAL,ID_MEDICO,ID_PACIENTE,DT_HORA_CONSULTA,NR_CONSULTORIO,ID_CID,ID_PRESCRICAO) VALUES(151,6,36,126,TO_DATE('07/04/2020 16:35:00','DD/MM/YYYY HH24:MI:SS'),60,450,151);
INSERT INTO T_CONSULTA (ID_CONSULTA,ID_HOSPITAL,ID_MEDICO,ID_PACIENTE,DT_HORA_CONSULTA,NR_CONSULTORIO,ID_CID,ID_PRESCRICAO) VALUES(152,7,37,130,TO_DATE('11/04/2020 14:55:00','DD/MM/YYYY HH24:MI:SS'),90,458,152);
INSERT INTO T_CONSULTA (ID_CONSULTA,ID_HOSPITAL,ID_MEDICO,ID_PACIENTE,DT_HORA_CONSULTA,NR_CONSULTORIO,ID_CID,ID_PRESCRICAO) VALUES(153,6,38,134,TO_DATE('16/04/2020 16:05:00','DD/MM/YYYY HH24:MI:SS'),45,441,153);
INSERT INTO T_CONSULTA (ID_CONSULTA,ID_HOSPITAL,ID_MEDICO,ID_PACIENTE,DT_HORA_CONSULTA,NR_CONSULTORIO,ID_CID,ID_PRESCRICAO) VALUES(154,2,39,138,TO_DATE('20/04/2020 14:25:00','DD/MM/YYYY HH24:MI:SS'),45,458,154);
INSERT INTO T_CONSULTA (ID_CONSULTA,ID_HOSPITAL,ID_MEDICO,ID_PACIENTE,DT_HORA_CONSULTA,NR_CONSULTORIO,ID_CID,ID_PRESCRICAO) VALUES(155,1,40,142,TO_DATE('24/04/2020 13:45:00','DD/MM/YYYY HH24:MI:SS'),30,440,155);
INSERT INTO T_CONSULTA (ID_CONSULTA,ID_HOSPITAL,ID_MEDICO,ID_PACIENTE,DT_HORA_CONSULTA,NR_CONSULTORIO,ID_CID,ID_PRESCRICAO) VALUES(156,1,31,146,TO_DATE('28/04/2020 12:05:00','DD/MM/YYYY HH24:MI:SS'),45,439,156);



--POPULAR DADOS NA TABELA T_ENDERECO_PACIENTE

INSERT INTO T_ENDERECO_PACIENTE (ID_ENDERECO,ID_PACIENTE,ID_LOGRADOURO,NR_LOGRADOURO,DS_COMPLEMENTO) VALUES(1,1,1,101,'Casa Verde');
INSERT INTO T_ENDERECO_PACIENTE (ID_ENDERECO,ID_PACIENTE,ID_LOGRADOURO,NR_LOGRADOURO,DS_COMPLEMENTO) VALUES(2,2,2,202,'Rua das Flores');
INSERT INTO T_ENDERECO_PACIENTE (ID_ENDERECO,ID_PACIENTE,ID_LOGRADOURO,NR_LOGRADOURO,DS_COMPLEMENTO) VALUES(3,3,3,303,'Sobrado Amarelo');
INSERT INTO T_ENDERECO_PACIENTE (ID_ENDERECO,ID_PACIENTE,ID_LOGRADOURO,NR_LOGRADOURO,DS_COMPLEMENTO) VALUES(4,4,4,404,'Casa do Bosque');
INSERT INTO T_ENDERECO_PACIENTE (ID_ENDERECO,ID_PACIENTE,ID_LOGRADOURO,NR_LOGRADOURO,DS_COMPLEMENTO) VALUES(5,5,5,505,'Lote 15');
INSERT INTO T_ENDERECO_PACIENTE (ID_ENDERECO,ID_PACIENTE,ID_LOGRADOURO,NR_LOGRADOURO,DS_COMPLEMENTO) VALUES(6,6,6,606,'Residencial Primavera');
INSERT INTO T_ENDERECO_PACIENTE (ID_ENDERECO,ID_PACIENTE,ID_LOGRADOURO,NR_LOGRADOURO,DS_COMPLEMENTO) VALUES(7,7,7,707,'Casinha Azul');
INSERT INTO T_ENDERECO_PACIENTE (ID_ENDERECO,ID_PACIENTE,ID_LOGRADOURO,NR_LOGRADOURO,DS_COMPLEMENTO) VALUES(8,8,8,808,'Avenida das Palmeiras');
INSERT INTO T_ENDERECO_PACIENTE (ID_ENDERECO,ID_PACIENTE,ID_LOGRADOURO,NR_LOGRADOURO,DS_COMPLEMENTO) VALUES(9,9,9,909,'Casa da Colina');
INSERT INTO T_ENDERECO_PACIENTE (ID_ENDERECO,ID_PACIENTE,ID_LOGRADOURO,NR_LOGRADOURO,DS_COMPLEMENTO) VALUES(10,10,10,111,'Casa do Sol');
INSERT INTO T_ENDERECO_PACIENTE (ID_ENDERECO,ID_PACIENTE,ID_LOGRADOURO,NR_LOGRADOURO,DS_COMPLEMENTO) VALUES(11,11,11,121,'Rua dos Pássaros');
INSERT INTO T_ENDERECO_PACIENTE (ID_ENDERECO,ID_PACIENTE,ID_LOGRADOURO,NR_LOGRADOURO,DS_COMPLEMENTO) VALUES(12,12,12,131,'Vila Harmonia');
INSERT INTO T_ENDERECO_PACIENTE (ID_ENDERECO,ID_PACIENTE,ID_LOGRADOURO,NR_LOGRADOURO,DS_COMPLEMENTO) VALUES(13,13,13,141,'Beco das Estrelas');
INSERT INTO T_ENDERECO_PACIENTE (ID_ENDERECO,ID_PACIENTE,ID_LOGRADOURO,NR_LOGRADOURO,DS_COMPLEMENTO) VALUES(14,14,14,151,'Casa do Lago');
INSERT INTO T_ENDERECO_PACIENTE (ID_ENDERECO,ID_PACIENTE,ID_LOGRADOURO,NR_LOGRADOURO,DS_COMPLEMENTO) VALUES(15,15,15,161,'Apto 7');
INSERT INTO T_ENDERECO_PACIENTE (ID_ENDERECO,ID_PACIENTE,ID_LOGRADOURO,NR_LOGRADOURO,DS_COMPLEMENTO) VALUES(16,16,16,171,'Solar das Oliveiras');
INSERT INTO T_ENDERECO_PACIENTE (ID_ENDERECO,ID_PACIENTE,ID_LOGRADOURO,NR_LOGRADOURO,DS_COMPLEMENTO) VALUES(17,17,17,181,'Alameda das Acácias');
INSERT INTO T_ENDERECO_PACIENTE (ID_ENDERECO,ID_PACIENTE,ID_LOGRADOURO,NR_LOGRADOURO,DS_COMPLEMENTO) VALUES(18,18,18,191,'Casa do Céu');
INSERT INTO T_ENDERECO_PACIENTE (ID_ENDERECO,ID_PACIENTE,ID_LOGRADOURO,NR_LOGRADOURO,DS_COMPLEMENTO) VALUES(19,19,19,202,'Rua das Hortênsias');
INSERT INTO T_ENDERECO_PACIENTE (ID_ENDERECO,ID_PACIENTE,ID_LOGRADOURO,NR_LOGRADOURO,DS_COMPLEMENTO) VALUES(20,20,20,212,'Vila das Rosas');
INSERT INTO T_ENDERECO_PACIENTE (ID_ENDERECO,ID_PACIENTE,ID_LOGRADOURO,NR_LOGRADOURO,DS_COMPLEMENTO) VALUES(21,21,21,222,'Casarão da Colina');
INSERT INTO T_ENDERECO_PACIENTE (ID_ENDERECO,ID_PACIENTE,ID_LOGRADOURO,NR_LOGRADOURO,DS_COMPLEMENTO) VALUES(22,22,22,232,'Residencial das Águias');
INSERT INTO T_ENDERECO_PACIENTE (ID_ENDERECO,ID_PACIENTE,ID_LOGRADOURO,NR_LOGRADOURO,DS_COMPLEMENTO) VALUES(23,23,23,242,'Casa do Poente');
INSERT INTO T_ENDERECO_PACIENTE (ID_ENDERECO,ID_PACIENTE,ID_LOGRADOURO,NR_LOGRADOURO,DS_COMPLEMENTO) VALUES(24,24,24,252,'Rua dos Pinheiros');
INSERT INTO T_ENDERECO_PACIENTE (ID_ENDERECO,ID_PACIENTE,ID_LOGRADOURO,NR_LOGRADOURO,DS_COMPLEMENTO) VALUES(25,25,25,262,'Apto 26');
INSERT INTO T_ENDERECO_PACIENTE (ID_ENDERECO,ID_PACIENTE,ID_LOGRADOURO,NR_LOGRADOURO,DS_COMPLEMENTO) VALUES(26,26,26,272,'Lote 22');
INSERT INTO T_ENDERECO_PACIENTE (ID_ENDERECO,ID_PACIENTE,ID_LOGRADOURO,NR_LOGRADOURO,DS_COMPLEMENTO) VALUES(27,27,27,282,'Sobrado do Vale');
INSERT INTO T_ENDERECO_PACIENTE (ID_ENDERECO,ID_PACIENTE,ID_LOGRADOURO,NR_LOGRADOURO,DS_COMPLEMENTO) VALUES(28,28,28,292,'Chalé da Serra');
INSERT INTO T_ENDERECO_PACIENTE (ID_ENDERECO,ID_PACIENTE,ID_LOGRADOURO,NR_LOGRADOURO,DS_COMPLEMENTO) VALUES(29,29,29,303,'Casa da Montanha');
INSERT INTO T_ENDERECO_PACIENTE (ID_ENDERECO,ID_PACIENTE,ID_LOGRADOURO,NR_LOGRADOURO,DS_COMPLEMENTO) VALUES(30,30,30,313,'Rua das Cerejeiras');
INSERT INTO T_ENDERECO_PACIENTE (ID_ENDERECO,ID_PACIENTE,ID_LOGRADOURO,NR_LOGRADOURO,DS_COMPLEMENTO) VALUES(31,31,31,323,'Residencial dos Girassóis');
INSERT INTO T_ENDERECO_PACIENTE (ID_ENDERECO,ID_PACIENTE,ID_LOGRADOURO,NR_LOGRADOURO,DS_COMPLEMENTO) VALUES(32,32,32,333,'Casinha do Riacho');
INSERT INTO T_ENDERECO_PACIENTE (ID_ENDERECO,ID_PACIENTE,ID_LOGRADOURO,NR_LOGRADOURO,DS_COMPLEMENTO) VALUES(33,33,33,343,'Avenida das Orquídeas');
INSERT INTO T_ENDERECO_PACIENTE (ID_ENDERECO,ID_PACIENTE,ID_LOGRADOURO,NR_LOGRADOURO,DS_COMPLEMENTO) VALUES(34,34,34,353,'Casa da Praia');
INSERT INTO T_ENDERECO_PACIENTE (ID_ENDERECO,ID_PACIENTE,ID_LOGRADOURO,NR_LOGRADOURO,DS_COMPLEMENTO) VALUES(35,35,35,363,'Conjunto Residencial Primavera');
INSERT INTO T_ENDERECO_PACIENTE (ID_ENDERECO,ID_PACIENTE,ID_LOGRADOURO,NR_LOGRADOURO,DS_COMPLEMENTO) VALUES(36,36,36,373,'Vila das Árvores');
INSERT INTO T_ENDERECO_PACIENTE (ID_ENDERECO,ID_PACIENTE,ID_LOGRADOURO,NR_LOGRADOURO,DS_COMPLEMENTO) VALUES(37,37,37,383,'Lote 38');
INSERT INTO T_ENDERECO_PACIENTE (ID_ENDERECO,ID_PACIENTE,ID_LOGRADOURO,NR_LOGRADOURO,DS_COMPLEMENTO) VALUES(38,38,38,393,'Rua das Violetas');
INSERT INTO T_ENDERECO_PACIENTE (ID_ENDERECO,ID_PACIENTE,ID_LOGRADOURO,NR_LOGRADOURO,DS_COMPLEMENTO) VALUES(39,39,39,404,'Casarão das Colinas');
INSERT INTO T_ENDERECO_PACIENTE (ID_ENDERECO,ID_PACIENTE,ID_LOGRADOURO,NR_LOGRADOURO,DS_COMPLEMENTO) VALUES(40,40,40,414,'Casa do Mar');
INSERT INTO T_ENDERECO_PACIENTE (ID_ENDERECO,ID_PACIENTE,ID_LOGRADOURO,NR_LOGRADOURO,DS_COMPLEMENTO) VALUES(41,41,41,424,'Beco da Lua');
INSERT INTO T_ENDERECO_PACIENTE (ID_ENDERECO,ID_PACIENTE,ID_LOGRADOURO,NR_LOGRADOURO,DS_COMPLEMENTO) VALUES(42,42,42,434,'Casa do Bosque');
INSERT INTO T_ENDERECO_PACIENTE (ID_ENDERECO,ID_PACIENTE,ID_LOGRADOURO,NR_LOGRADOURO,DS_COMPLEMENTO) VALUES(43,43,43,444,'Rua dos Pinheirais');
INSERT INTO T_ENDERECO_PACIENTE (ID_ENDERECO,ID_PACIENTE,ID_LOGRADOURO,NR_LOGRADOURO,DS_COMPLEMENTO) VALUES(44,44,44,454,'Vila da Neblina');
INSERT INTO T_ENDERECO_PACIENTE (ID_ENDERECO,ID_PACIENTE,ID_LOGRADOURO,NR_LOGRADOURO,DS_COMPLEMENTO) VALUES(45,45,45,464,'Sobrado da Fonte');
INSERT INTO T_ENDERECO_PACIENTE (ID_ENDERECO,ID_PACIENTE,ID_LOGRADOURO,NR_LOGRADOURO,DS_COMPLEMENTO) VALUES(46,46,46,474,'Apto 47');
INSERT INTO T_ENDERECO_PACIENTE (ID_ENDERECO,ID_PACIENTE,ID_LOGRADOURO,NR_LOGRADOURO,DS_COMPLEMENTO) VALUES(47,47,47,484,'Residencial das Oliveiras');
INSERT INTO T_ENDERECO_PACIENTE (ID_ENDERECO,ID_PACIENTE,ID_LOGRADOURO,NR_LOGRADOURO,DS_COMPLEMENTO) VALUES(48,48,48,494,'Lote 49');
INSERT INTO T_ENDERECO_PACIENTE (ID_ENDERECO,ID_PACIENTE,ID_LOGRADOURO,NR_LOGRADOURO,DS_COMPLEMENTO) VALUES(49,49,49,505,'Chalé da Montanha');
INSERT INTO T_ENDERECO_PACIENTE (ID_ENDERECO,ID_PACIENTE,ID_LOGRADOURO,NR_LOGRADOURO,DS_COMPLEMENTO) VALUES(50,50,50,515,'Casinha Amarela');
INSERT INTO T_ENDERECO_PACIENTE (ID_ENDERECO,ID_PACIENTE,ID_LOGRADOURO,NR_LOGRADOURO,DS_COMPLEMENTO) VALUES(51,51,51,525,'Casa da Alameda');
INSERT INTO T_ENDERECO_PACIENTE (ID_ENDERECO,ID_PACIENTE,ID_LOGRADOURO,NR_LOGRADOURO,DS_COMPLEMENTO) VALUES(52,52,52,535,'Avenida dos Lírios');
INSERT INTO T_ENDERECO_PACIENTE (ID_ENDERECO,ID_PACIENTE,ID_LOGRADOURO,NR_LOGRADOURO,DS_COMPLEMENTO) VALUES(53,53,53,545,'Casa do Sol Nascente');
INSERT INTO T_ENDERECO_PACIENTE (ID_ENDERECO,ID_PACIENTE,ID_LOGRADOURO,NR_LOGRADOURO,DS_COMPLEMENTO) VALUES(54,54,54,555,'Rua dos Sabiás');
INSERT INTO T_ENDERECO_PACIENTE (ID_ENDERECO,ID_PACIENTE,ID_LOGRADOURO,NR_LOGRADOURO,DS_COMPLEMENTO) VALUES(55,55,55,565,'Sobrado da Colina');
INSERT INTO T_ENDERECO_PACIENTE (ID_ENDERECO,ID_PACIENTE,ID_LOGRADOURO,NR_LOGRADOURO,DS_COMPLEMENTO) VALUES(56,56,56,575,'Lote 57');
INSERT INTO T_ENDERECO_PACIENTE (ID_ENDERECO,ID_PACIENTE,ID_LOGRADOURO,NR_LOGRADOURO,DS_COMPLEMENTO) VALUES(57,57,57,585,'Casa da Serra');
INSERT INTO T_ENDERECO_PACIENTE (ID_ENDERECO,ID_PACIENTE,ID_LOGRADOURO,NR_LOGRADOURO,DS_COMPLEMENTO) VALUES(58,58,58,595,'Residencial dos Pássaros');
INSERT INTO T_ENDERECO_PACIENTE (ID_ENDERECO,ID_PACIENTE,ID_LOGRADOURO,NR_LOGRADOURO,DS_COMPLEMENTO) VALUES(59,59,59,606,'Alameda das Rosas');
INSERT INTO T_ENDERECO_PACIENTE (ID_ENDERECO,ID_PACIENTE,ID_LOGRADOURO,NR_LOGRADOURO,DS_COMPLEMENTO) VALUES(60,60,60,616,'Vila da Lua');
INSERT INTO T_ENDERECO_PACIENTE (ID_ENDERECO,ID_PACIENTE,ID_LOGRADOURO,NR_LOGRADOURO,DS_COMPLEMENTO) VALUES(61,61,61,626,'Casarão da Praia');
INSERT INTO T_ENDERECO_PACIENTE (ID_ENDERECO,ID_PACIENTE,ID_LOGRADOURO,NR_LOGRADOURO,DS_COMPLEMENTO) VALUES(62,62,62,636,'Apto 63');
INSERT INTO T_ENDERECO_PACIENTE (ID_ENDERECO,ID_PACIENTE,ID_LOGRADOURO,NR_LOGRADOURO,DS_COMPLEMENTO) VALUES(63,63,63,646,'Casa do Lago');
INSERT INTO T_ENDERECO_PACIENTE (ID_ENDERECO,ID_PACIENTE,ID_LOGRADOURO,NR_LOGRADOURO,DS_COMPLEMENTO) VALUES(64,64,64,656,'Beco das Estrelas');
INSERT INTO T_ENDERECO_PACIENTE (ID_ENDERECO,ID_PACIENTE,ID_LOGRADOURO,NR_LOGRADOURO,DS_COMPLEMENTO) VALUES(65,65,65,666,'Rua do Poente');
INSERT INTO T_ENDERECO_PACIENTE (ID_ENDERECO,ID_PACIENTE,ID_LOGRADOURO,NR_LOGRADOURO,DS_COMPLEMENTO) VALUES(66,66,66,676,'Casa do Riacho');
INSERT INTO T_ENDERECO_PACIENTE (ID_ENDERECO,ID_PACIENTE,ID_LOGRADOURO,NR_LOGRADOURO,DS_COMPLEMENTO) VALUES(67,67,67,686,'Lote 68');
INSERT INTO T_ENDERECO_PACIENTE (ID_ENDERECO,ID_PACIENTE,ID_LOGRADOURO,NR_LOGRADOURO,DS_COMPLEMENTO) VALUES(68,68,68,696,'Residencial do Bosque');
INSERT INTO T_ENDERECO_PACIENTE (ID_ENDERECO,ID_PACIENTE,ID_LOGRADOURO,NR_LOGRADOURO,DS_COMPLEMENTO) VALUES(69,69,69,707,'Casinha do Céu');
INSERT INTO T_ENDERECO_PACIENTE (ID_ENDERECO,ID_PACIENTE,ID_LOGRADOURO,NR_LOGRADOURO,DS_COMPLEMENTO) VALUES(70,70,70,717,'Sobrado das Acácias');
INSERT INTO T_ENDERECO_PACIENTE (ID_ENDERECO,ID_PACIENTE,ID_LOGRADOURO,NR_LOGRADOURO,DS_COMPLEMENTO) VALUES(71,71,71,727,'Avenida do Mar');
INSERT INTO T_ENDERECO_PACIENTE (ID_ENDERECO,ID_PACIENTE,ID_LOGRADOURO,NR_LOGRADOURO,DS_COMPLEMENTO) VALUES(72,72,72,737,'Casa do Vale');
INSERT INTO T_ENDERECO_PACIENTE (ID_ENDERECO,ID_PACIENTE,ID_LOGRADOURO,NR_LOGRADOURO,DS_COMPLEMENTO) VALUES(73,73,73,747,'Rua das Neblinas');
INSERT INTO T_ENDERECO_PACIENTE (ID_ENDERECO,ID_PACIENTE,ID_LOGRADOURO,NR_LOGRADOURO,DS_COMPLEMENTO) VALUES(74,74,74,757,'Vila do Sol');
INSERT INTO T_ENDERECO_PACIENTE (ID_ENDERECO,ID_PACIENTE,ID_LOGRADOURO,NR_LOGRADOURO,DS_COMPLEMENTO) VALUES(75,75,75,767,'Lote 76');
INSERT INTO T_ENDERECO_PACIENTE (ID_ENDERECO,ID_PACIENTE,ID_LOGRADOURO,NR_LOGRADOURO,DS_COMPLEMENTO) VALUES(76,76,76,777,'Casa da Montanha');
INSERT INTO T_ENDERECO_PACIENTE (ID_ENDERECO,ID_PACIENTE,ID_LOGRADOURO,NR_LOGRADOURO,DS_COMPLEMENTO) VALUES(77,77,77,787,'Residencial do Riacho');
INSERT INTO T_ENDERECO_PACIENTE (ID_ENDERECO,ID_PACIENTE,ID_LOGRADOURO,NR_LOGRADOURO,DS_COMPLEMENTO) VALUES(78,78,78,797,'Alameda do Lago');
INSERT INTO T_ENDERECO_PACIENTE (ID_ENDERECO,ID_PACIENTE,ID_LOGRADOURO,NR_LOGRADOURO,DS_COMPLEMENTO) VALUES(79,79,79,808,'Casa da Colina');
INSERT INTO T_ENDERECO_PACIENTE (ID_ENDERECO,ID_PACIENTE,ID_LOGRADOURO,NR_LOGRADOURO,DS_COMPLEMENTO) VALUES(80,80,80,818,'Beco da Serra');
INSERT INTO T_ENDERECO_PACIENTE (ID_ENDERECO,ID_PACIENTE,ID_LOGRADOURO,NR_LOGRADOURO,DS_COMPLEMENTO) VALUES(81,81,81,828,'Apto 82');
INSERT INTO T_ENDERECO_PACIENTE (ID_ENDERECO,ID_PACIENTE,ID_LOGRADOURO,NR_LOGRADOURO,DS_COMPLEMENTO) VALUES(82,82,82,838,'Sobrado da Fonte');
INSERT INTO T_ENDERECO_PACIENTE (ID_ENDERECO,ID_PACIENTE,ID_LOGRADOURO,NR_LOGRADOURO,DS_COMPLEMENTO) VALUES(83,83,83,848,'Casa do Bosque');
INSERT INTO T_ENDERECO_PACIENTE (ID_ENDERECO,ID_PACIENTE,ID_LOGRADOURO,NR_LOGRADOURO,DS_COMPLEMENTO) VALUES(84,84,84,858,'Rua dos Pinheirais');
INSERT INTO T_ENDERECO_PACIENTE (ID_ENDERECO,ID_PACIENTE,ID_LOGRADOURO,NR_LOGRADOURO,DS_COMPLEMENTO) VALUES(85,85,85,868,'Lote 86');
INSERT INTO T_ENDERECO_PACIENTE (ID_ENDERECO,ID_PACIENTE,ID_LOGRADOURO,NR_LOGRADOURO,DS_COMPLEMENTO) VALUES(86,86,86,878,'Casinha da Praia');
INSERT INTO T_ENDERECO_PACIENTE (ID_ENDERECO,ID_PACIENTE,ID_LOGRADOURO,NR_LOGRADOURO,DS_COMPLEMENTO) VALUES(87,87,87,888,'Residencial dos Girassóis');
INSERT INTO T_ENDERECO_PACIENTE (ID_ENDERECO,ID_PACIENTE,ID_LOGRADOURO,NR_LOGRADOURO,DS_COMPLEMENTO) VALUES(88,88,88,898,'Vila das Árvores');
INSERT INTO T_ENDERECO_PACIENTE (ID_ENDERECO,ID_PACIENTE,ID_LOGRADOURO,NR_LOGRADOURO,DS_COMPLEMENTO) VALUES(89,89,89,909,'Rua das Violetas');
INSERT INTO T_ENDERECO_PACIENTE (ID_ENDERECO,ID_PACIENTE,ID_LOGRADOURO,NR_LOGRADOURO,DS_COMPLEMENTO) VALUES(90,90,90,919,'Sobrado das Oliveiras');
INSERT INTO T_ENDERECO_PACIENTE (ID_ENDERECO,ID_PACIENTE,ID_LOGRADOURO,NR_LOGRADOURO,DS_COMPLEMENTO) VALUES(91,91,91,929,'Avenida dos Pássaros');
INSERT INTO T_ENDERECO_PACIENTE (ID_ENDERECO,ID_PACIENTE,ID_LOGRADOURO,NR_LOGRADOURO,DS_COMPLEMENTO) VALUES(92,92,92,939,'Casarão da Colina');
INSERT INTO T_ENDERECO_PACIENTE (ID_ENDERECO,ID_PACIENTE,ID_LOGRADOURO,NR_LOGRADOURO,DS_COMPLEMENTO) VALUES(93,93,93,949,'Casa do Céu');
INSERT INTO T_ENDERECO_PACIENTE (ID_ENDERECO,ID_PACIENTE,ID_LOGRADOURO,NR_LOGRADOURO,DS_COMPLEMENTO) VALUES(94,94,94,959,'Lote 95');
INSERT INTO T_ENDERECO_PACIENTE (ID_ENDERECO,ID_PACIENTE,ID_LOGRADOURO,NR_LOGRADOURO,DS_COMPLEMENTO) VALUES(95,95,95,969,'Alameda da Serra');
INSERT INTO T_ENDERECO_PACIENTE (ID_ENDERECO,ID_PACIENTE,ID_LOGRADOURO,NR_LOGRADOURO,DS_COMPLEMENTO) VALUES(96,96,96,979,'Residencial das Flores');
INSERT INTO T_ENDERECO_PACIENTE (ID_ENDERECO,ID_PACIENTE,ID_LOGRADOURO,NR_LOGRADOURO,DS_COMPLEMENTO) VALUES(97,97,97,989,'Casa do Sol Nascente');
INSERT INTO T_ENDERECO_PACIENTE (ID_ENDERECO,ID_PACIENTE,ID_LOGRADOURO,NR_LOGRADOURO,DS_COMPLEMENTO) VALUES(98,98,98,999,'Rua do Riacho');
INSERT INTO T_ENDERECO_PACIENTE (ID_ENDERECO,ID_PACIENTE,ID_LOGRADOURO,NR_LOGRADOURO,DS_COMPLEMENTO) VALUES(99,99,99,100,'Beco das Oliveiras');
INSERT INTO T_ENDERECO_PACIENTE (ID_ENDERECO,ID_PACIENTE,ID_LOGRADOURO,NR_LOGRADOURO,DS_COMPLEMENTO) VALUES(100,100,1,201,'Casa da Colina');
INSERT INTO T_ENDERECO_PACIENTE (ID_ENDERECO,ID_PACIENTE,ID_LOGRADOURO,NR_LOGRADOURO,DS_COMPLEMENTO) VALUES(101,101,2,302,'Sobrado do Bosque');
INSERT INTO T_ENDERECO_PACIENTE (ID_ENDERECO,ID_PACIENTE,ID_LOGRADOURO,NR_LOGRADOURO,DS_COMPLEMENTO) VALUES(102,102,3,403,'Avenida dos Pássaros');
INSERT INTO T_ENDERECO_PACIENTE (ID_ENDERECO,ID_PACIENTE,ID_LOGRADOURO,NR_LOGRADOURO,DS_COMPLEMENTO) VALUES(103,103,4,504,'Lote 50');
INSERT INTO T_ENDERECO_PACIENTE (ID_ENDERECO,ID_PACIENTE,ID_LOGRADOURO,NR_LOGRADOURO,DS_COMPLEMENTO) VALUES(104,104,5,605,'Casinha Azul');
INSERT INTO T_ENDERECO_PACIENTE (ID_ENDERECO,ID_PACIENTE,ID_LOGRADOURO,NR_LOGRADOURO,DS_COMPLEMENTO) VALUES(105,105,6,706,'Rua das Árvores');
INSERT INTO T_ENDERECO_PACIENTE (ID_ENDERECO,ID_PACIENTE,ID_LOGRADOURO,NR_LOGRADOURO,DS_COMPLEMENTO) VALUES(106,106,7,807,'Alameda do Sol');
INSERT INTO T_ENDERECO_PACIENTE (ID_ENDERECO,ID_PACIENTE,ID_LOGRADOURO,NR_LOGRADOURO,DS_COMPLEMENTO) VALUES(107,107,8,908,'Casa do Riacho');
INSERT INTO T_ENDERECO_PACIENTE (ID_ENDERECO,ID_PACIENTE,ID_LOGRADOURO,NR_LOGRADOURO,DS_COMPLEMENTO) VALUES(108,108,9,109,'Casa da Montanha');
INSERT INTO T_ENDERECO_PACIENTE (ID_ENDERECO,ID_PACIENTE,ID_LOGRADOURO,NR_LOGRADOURO,DS_COMPLEMENTO) VALUES(109,109,10,210,'Rua do Céu');
INSERT INTO T_ENDERECO_PACIENTE (ID_ENDERECO,ID_PACIENTE,ID_LOGRADOURO,NR_LOGRADOURO,DS_COMPLEMENTO) VALUES(110,110,11,311,'Sobrado das Colinas');
INSERT INTO T_ENDERECO_PACIENTE (ID_ENDERECO,ID_PACIENTE,ID_LOGRADOURO,NR_LOGRADOURO,DS_COMPLEMENTO) VALUES(111,111,12,412,'Casa da Praia');
INSERT INTO T_ENDERECO_PACIENTE (ID_ENDERECO,ID_PACIENTE,ID_LOGRADOURO,NR_LOGRADOURO,DS_COMPLEMENTO) VALUES(112,112,13,513,'Lote 51');
INSERT INTO T_ENDERECO_PACIENTE (ID_ENDERECO,ID_PACIENTE,ID_LOGRADOURO,NR_LOGRADOURO,DS_COMPLEMENTO) VALUES(113,113,14,614,'Beco da Lua');
INSERT INTO T_ENDERECO_PACIENTE (ID_ENDERECO,ID_PACIENTE,ID_LOGRADOURO,NR_LOGRADOURO,DS_COMPLEMENTO) VALUES(114,114,15,715,'Casa da Serra');
INSERT INTO T_ENDERECO_PACIENTE (ID_ENDERECO,ID_PACIENTE,ID_LOGRADOURO,NR_LOGRADOURO,DS_COMPLEMENTO) VALUES(115,115,16,816,'Vila Harmonia');
INSERT INTO T_ENDERECO_PACIENTE (ID_ENDERECO,ID_PACIENTE,ID_LOGRADOURO,NR_LOGRADOURO,DS_COMPLEMENTO) VALUES(116,116,17,917,'Residencial do Vale');
INSERT INTO T_ENDERECO_PACIENTE (ID_ENDERECO,ID_PACIENTE,ID_LOGRADOURO,NR_LOGRADOURO,DS_COMPLEMENTO) VALUES(117,117,18,118,'Apto 11');
INSERT INTO T_ENDERECO_PACIENTE (ID_ENDERECO,ID_PACIENTE,ID_LOGRADOURO,NR_LOGRADOURO,DS_COMPLEMENTO) VALUES(118,118,19,219,'Casa das Flores');
INSERT INTO T_ENDERECO_PACIENTE (ID_ENDERECO,ID_PACIENTE,ID_LOGRADOURO,NR_LOGRADOURO,DS_COMPLEMENTO) VALUES(119,119,20,320,'Rua das Rosas');
INSERT INTO T_ENDERECO_PACIENTE (ID_ENDERECO,ID_PACIENTE,ID_LOGRADOURO,NR_LOGRADOURO,DS_COMPLEMENTO) VALUES(120,120,21,421,'Casarão do Lago');
INSERT INTO T_ENDERECO_PACIENTE (ID_ENDERECO,ID_PACIENTE,ID_LOGRADOURO,NR_LOGRADOURO,DS_COMPLEMENTO) VALUES(121,121,22,522,'Sobrado da Fonte');
INSERT INTO T_ENDERECO_PACIENTE (ID_ENDERECO,ID_PACIENTE,ID_LOGRADOURO,NR_LOGRADOURO,DS_COMPLEMENTO) VALUES(122,122,23,623,'Casa do Poente');
INSERT INTO T_ENDERECO_PACIENTE (ID_ENDERECO,ID_PACIENTE,ID_LOGRADOURO,NR_LOGRADOURO,DS_COMPLEMENTO) VALUES(123,123,24,724,'Alameda das Acácias');
INSERT INTO T_ENDERECO_PACIENTE (ID_ENDERECO,ID_PACIENTE,ID_LOGRADOURO,NR_LOGRADOURO,DS_COMPLEMENTO) VALUES(124,124,25,825,'Casa do Bosque');
INSERT INTO T_ENDERECO_PACIENTE (ID_ENDERECO,ID_PACIENTE,ID_LOGRADOURO,NR_LOGRADOURO,DS_COMPLEMENTO) VALUES(125,125,26,926,'Lote 92');
INSERT INTO T_ENDERECO_PACIENTE (ID_ENDERECO,ID_PACIENTE,ID_LOGRADOURO,NR_LOGRADOURO,DS_COMPLEMENTO) VALUES(126,126,27,27,'Vila das Estrelas');
INSERT INTO T_ENDERECO_PACIENTE (ID_ENDERECO,ID_PACIENTE,ID_LOGRADOURO,NR_LOGRADOURO,DS_COMPLEMENTO) VALUES(127,127,28,128,'Beco da Neblina');
INSERT INTO T_ENDERECO_PACIENTE (ID_ENDERECO,ID_PACIENTE,ID_LOGRADOURO,NR_LOGRADOURO,DS_COMPLEMENTO) VALUES(128,128,29,229,'Casa do Mar');
INSERT INTO T_ENDERECO_PACIENTE (ID_ENDERECO,ID_PACIENTE,ID_LOGRADOURO,NR_LOGRADOURO,DS_COMPLEMENTO) VALUES(129,129,30,330,'Residencial dos Girassóis');
INSERT INTO T_ENDERECO_PACIENTE (ID_ENDERECO,ID_PACIENTE,ID_LOGRADOURO,NR_LOGRADOURO,DS_COMPLEMENTO) VALUES(130,130,31,431,'Avenida das Orquídeas');
INSERT INTO T_ENDERECO_PACIENTE (ID_ENDERECO,ID_PACIENTE,ID_LOGRADOURO,NR_LOGRADOURO,DS_COMPLEMENTO) VALUES(131,131,32,532,'Casa da Lua');
INSERT INTO T_ENDERECO_PACIENTE (ID_ENDERECO,ID_PACIENTE,ID_LOGRADOURO,NR_LOGRADOURO,DS_COMPLEMENTO) VALUES(132,132,33,633,'Sobrado da Colina');
INSERT INTO T_ENDERECO_PACIENTE (ID_ENDERECO,ID_PACIENTE,ID_LOGRADOURO,NR_LOGRADOURO,DS_COMPLEMENTO) VALUES(133,133,34,734,'Rua das Violetas');
INSERT INTO T_ENDERECO_PACIENTE (ID_ENDERECO,ID_PACIENTE,ID_LOGRADOURO,NR_LOGRADOURO,DS_COMPLEMENTO) VALUES(134,134,35,835,'Lote 83');
INSERT INTO T_ENDERECO_PACIENTE (ID_ENDERECO,ID_PACIENTE,ID_LOGRADOURO,NR_LOGRADOURO,DS_COMPLEMENTO) VALUES(135,135,36,936,'Casinha Amarela');
INSERT INTO T_ENDERECO_PACIENTE (ID_ENDERECO,ID_PACIENTE,ID_LOGRADOURO,NR_LOGRADOURO,DS_COMPLEMENTO) VALUES(136,136,37,37,'Alameda do Bosque');
INSERT INTO T_ENDERECO_PACIENTE (ID_ENDERECO,ID_PACIENTE,ID_LOGRADOURO,NR_LOGRADOURO,DS_COMPLEMENTO) VALUES(137,137,38,138,'Casa do Sol Nascente');
INSERT INTO T_ENDERECO_PACIENTE (ID_ENDERECO,ID_PACIENTE,ID_LOGRADOURO,NR_LOGRADOURO,DS_COMPLEMENTO) VALUES(138,138,39,239,'Casa do Vale');
INSERT INTO T_ENDERECO_PACIENTE (ID_ENDERECO,ID_PACIENTE,ID_LOGRADOURO,NR_LOGRADOURO,DS_COMPLEMENTO) VALUES(139,139,40,340,'Beco da Serra');
INSERT INTO T_ENDERECO_PACIENTE (ID_ENDERECO,ID_PACIENTE,ID_LOGRADOURO,NR_LOGRADOURO,DS_COMPLEMENTO) VALUES(140,140,41,441,'Residencial das Oliveiras');
INSERT INTO T_ENDERECO_PACIENTE (ID_ENDERECO,ID_PACIENTE,ID_LOGRADOURO,NR_LOGRADOURO,DS_COMPLEMENTO) VALUES(141,141,42,542,'Avenida do Mar');
INSERT INTO T_ENDERECO_PACIENTE (ID_ENDERECO,ID_PACIENTE,ID_LOGRADOURO,NR_LOGRADOURO,DS_COMPLEMENTO) VALUES(142,142,43,643,'Rua dos Sabiás');
INSERT INTO T_ENDERECO_PACIENTE (ID_ENDERECO,ID_PACIENTE,ID_LOGRADOURO,NR_LOGRADOURO,DS_COMPLEMENTO) VALUES(143,143,44,744,'Sobrado do Riacho');
INSERT INTO T_ENDERECO_PACIENTE (ID_ENDERECO,ID_PACIENTE,ID_LOGRADOURO,NR_LOGRADOURO,DS_COMPLEMENTO) VALUES(144,144,45,845,'Casa da Serra');
INSERT INTO T_ENDERECO_PACIENTE (ID_ENDERECO,ID_PACIENTE,ID_LOGRADOURO,NR_LOGRADOURO,DS_COMPLEMENTO) VALUES(145,145,46,946,'Lote 94');
INSERT INTO T_ENDERECO_PACIENTE (ID_ENDERECO,ID_PACIENTE,ID_LOGRADOURO,NR_LOGRADOURO,DS_COMPLEMENTO) VALUES(146,146,47,47,'Casa do Céu');
INSERT INTO T_ENDERECO_PACIENTE (ID_ENDERECO,ID_PACIENTE,ID_LOGRADOURO,NR_LOGRADOURO,DS_COMPLEMENTO) VALUES(147,147,48,148,'Alameda do Lago');
INSERT INTO T_ENDERECO_PACIENTE (ID_ENDERECO,ID_PACIENTE,ID_LOGRADOURO,NR_LOGRADOURO,DS_COMPLEMENTO) VALUES(148,148,49,249,'Residencial do Bosque');
INSERT INTO T_ENDERECO_PACIENTE (ID_ENDERECO,ID_PACIENTE,ID_LOGRADOURO,NR_LOGRADOURO,DS_COMPLEMENTO) VALUES(149,149,50,350,'Vila das Árvores');
INSERT INTO T_ENDERECO_PACIENTE (ID_ENDERECO,ID_PACIENTE,ID_LOGRADOURO,NR_LOGRADOURO,DS_COMPLEMENTO) VALUES(150,150,51,451,'Beco das Neblinas');
INSERT INTO T_ENDERECO_PACIENTE (ID_ENDERECO,ID_PACIENTE,ID_LOGRADOURO,NR_LOGRADOURO,DS_COMPLEMENTO) VALUES(151,151,52,552,'Casa do Riacho');
INSERT INTO T_ENDERECO_PACIENTE (ID_ENDERECO,ID_PACIENTE,ID_LOGRADOURO,NR_LOGRADOURO,DS_COMPLEMENTO) VALUES(152,152,53,653,'Sobrado das Oliveiras');
INSERT INTO T_ENDERECO_PACIENTE (ID_ENDERECO,ID_PACIENTE,ID_LOGRADOURO,NR_LOGRADOURO,DS_COMPLEMENTO) VALUES(153,153,54,754,'Rua do Bosque');
INSERT INTO T_ENDERECO_PACIENTE (ID_ENDERECO,ID_PACIENTE,ID_LOGRADOURO,NR_LOGRADOURO,DS_COMPLEMENTO) VALUES(154,154,55,855,'Lote 85');
INSERT INTO T_ENDERECO_PACIENTE (ID_ENDERECO,ID_PACIENTE,ID_LOGRADOURO,NR_LOGRADOURO,DS_COMPLEMENTO) VALUES(155,155,56,956,'Casinha da Praia');
INSERT INTO T_ENDERECO_PACIENTE (ID_ENDERECO,ID_PACIENTE,ID_LOGRADOURO,NR_LOGRADOURO,DS_COMPLEMENTO) VALUES(156,156,57,57,'Casa do Sol Nascente');
